$date
	Thu Jan  1 18:28:31 2026
$end
$version
	Icarus Verilog
$end
$timescale
	1ps
$end
$scope module fft_tb $end
$var wire 1 ! done $end
$var wire 32 " debug_data [31:0] $end
$var parameter 32 # M_ADDR $end
$var parameter 32 $ N_WIDTH $end
$var reg 6 % bit_rev [5:0] $end
$var reg 1 & clk $end
$var reg 1 ' rst $end
$var reg 1 ( start $end
$var reg 16 ) wave_real [15:0] $end
$var real 1 * PI $end
$var real 1 + freq $end
$var integer 32 , i [31:0] $end
$scope module uut $end
$var wire 1 & clk $end
$var wire 1 ' rst $end
$var wire 1 ( start $end
$var wire 6 - rom_addr_wire [5:0] $end
$var wire 1 . ram_we_wire $end
$var wire 1 / load_t_wire $end
$var wire 1 0 load_b_wire $end
$var wire 1 1 load_a_wire $end
$var wire 1 ! done $end
$var wire 32 2 debug_data [31:0] $end
$var wire 6 3 addr_b_wire [5:0] $end
$var wire 6 4 addr_a_wire [5:0] $end
$var parameter 32 5 M $end
$var parameter 32 6 N $end
$scope module u_control $end
$var wire 1 & clk $end
$var wire 1 ' rst $end
$var wire 1 ( start $end
$var wire 6 7 rom_addr [5:0] $end
$var wire 6 8 group_offset [5:0] $end
$var wire 6 9 addr_b [5:0] $end
$var wire 6 : addr_a [5:0] $end
$var parameter 32 ; LOG2N $end
$var parameter 32 < M $end
$var parameter 2 = S_IDLE $end
$var parameter 2 > S_LOAD $end
$var parameter 2 ? S_UPDATE $end
$var parameter 2 @ S_WRITE $end
$var reg 1 ! done $end
$var reg 6 A group_cnt [5:0] $end
$var reg 1 1 load_a $end
$var reg 1 0 load_b $end
$var reg 1 / load_t $end
$var reg 2 B next_state [1:0] $end
$var reg 6 C num_groups [5:0] $end
$var reg 6 D pair_cnt [5:0] $end
$var reg 1 . ram_we $end
$var reg 6 E span [5:0] $end
$var reg 4 F stage_cnt [3:0] $end
$var reg 2 G state [1:0] $end
$upscope $end
$scope module u_datapath $end
$var wire 6 H addr_a [5:0] $end
$var wire 6 I addr_b [5:0] $end
$var wire 1 & clk $end
$var wire 32 J debug_data_out [31:0] $end
$var wire 1 1 load_a $end
$var wire 1 0 load_b $end
$var wire 1 / load_t $end
$var wire 1 . ram_we $end
$var wire 6 K rom_addr [5:0] $end
$var wire 32 L write_data_b [31:0] $end
$var wire 32 M write_data_a [31:0] $end
$var wire 16 N tr [15:0] $end
$var wire 16 O ti [15:0] $end
$var wire 32 P rom_out_t [31:0] $end
$var wire 32 Q ram_out_b [31:0] $end
$var wire 32 R ram_out_a [31:0] $end
$var wire 16 S new_br [15:0] $end
$var wire 16 T new_bi [15:0] $end
$var wire 16 U new_ar [15:0] $end
$var wire 16 V new_ai [15:0] $end
$var parameter 32 W M $end
$var parameter 32 X N $end
$var reg 16 Y reg_ai [15:0] $end
$var reg 16 Z reg_ar [15:0] $end
$var reg 16 [ reg_bi [15:0] $end
$var reg 16 \ reg_br [15:0] $end
$var reg 16 ] reg_wi [15:0] $end
$var reg 16 ^ reg_wr [15:0] $end
$scope module data_mem $end
$var wire 6 _ addr_a [5:0] $end
$var wire 6 ` addr_b [5:0] $end
$var wire 1 & clk $end
$var wire 32 a din_a [31:0] $end
$var wire 32 b din_b [31:0] $end
$var wire 32 c dout_a [31:0] $end
$var wire 32 d dout_b [31:0] $end
$var wire 1 . we_a $end
$var wire 1 . we_b $end
$var parameter 32 e ADDR_WIDTH $end
$var parameter 32 f DATA_WIDTH $end
$upscope $end
$scope module twiddle_mem $end
$var wire 6 g addr [5:0] $end
$var parameter 32 h ADDR_WIDTH $end
$var parameter 32 i DATA_WIDTH $end
$var reg 32 j dout [31:0] $end
$upscope $end
$scope module u_add $end
$var wire 16 k ai [15:0] $end
$var wire 16 l ar [15:0] $end
$var wire 16 m tr [15:0] $end
$var wire 16 n top_r [15:0] $end
$var wire 16 o top_i [15:0] $end
$var wire 16 p ti [15:0] $end
$var wire 16 q bot_r [15:0] $end
$var wire 16 r bot_i [15:0] $end
$upscope $end
$scope module u_mult $end
$var wire 16 s bi [15:0] $end
$var wire 16 t br [15:0] $end
$var wire 16 u wi [15:0] $end
$var wire 16 v wr [15:0] $end
$var wire 32 w tr_full [31:0] $end
$var wire 16 x tr [15:0] $end
$var wire 32 y ti_full [31:0] $end
$var wire 16 z ti [15:0] $end
$var wire 32 { k4 [31:0] $end
$var wire 32 | k3 [31:0] $end
$var wire 32 } k2 [31:0] $end
$var wire 32 ~ k1 [31:0] $end
$upscope $end
$upscope $end
$upscope $end
$upscope $end
$enddefinitions $end
$comment Show the parameter values. $end
$dumpall
b100000 i
b110 h
b100000 f
b110 e
b100000 X
b110 W
b10 @
b11 ?
b1 >
b0 =
b110 <
b110 ;
b100000 6
b110 5
b100000 $
b110 #
$end
#0
$dumpvars
bx ~
bx }
bx |
bx {
bx z
bx y
bx x
bx w
bx v
bx u
bx t
bx s
bx r
bx q
bx p
bx o
bx n
bx m
bx l
bx k
b1000000000000000000000000000000 j
b0 g
b11111001110000000000000000 d
b11111010000000000000000000 c
bx b
bx a
b1 `
b0 _
bx ^
bx ]
bx \
bx [
bx Z
bx Y
bx V
bx U
bx T
bx S
b11111010000000000000000000 R
b11111001110000000000000000 Q
b1000000000000000000000000000000 P
bx O
bx N
bx M
bx L
b0 K
bx J
b1 I
b0 H
b0 G
b1 F
b1 E
b0 D
b100000 C
b0 B
b0 A
b0 :
b1 9
b0 8
b0 7
b0 4
b1 3
bx 2
01
00
0/
0.
b0 -
b1000000 ,
r4 +
r3.14159265 *
b1110011011 )
0(
1'
0&
b111111 %
bx "
0!
$end
#5000
1&
#10000
0&
#15000
1&
#20000
0&
#25000
1&
#30000
0&
#35000
1&
#40000
0&
#45000
1&
#50000
0&
#55000
1&
#60000
0&
#65000
1&
#70000
0&
#75000
1&
#80000
0&
#85000
1&
#90000
0&
#95000
1&
#100000
0&
0'
#105000
1&
#110000
0&
#115000
1&
#120000
b1 B
0&
1(
#125000
b10 B
1/
10
11
b1 G
1&
#130000
1/
10
11
b10 B
0&
0(
#135000
b11 B
1.
0/
00
01
b1 S
b1 q
b11111001111 U
b11111001111 n
b1111100111 N
b1111100111 m
b1111100111 x
b10000000000000000 L
b10000000000000000 b
b0 T
b0 r
b111110011110000000000000000 "
b111110011110000000000000000 2
b111110011110000000000000000 J
b111110011110000000000000000 M
b111110011110000000000000000 a
b0 V
b0 o
b0 O
b0 p
b0 z
b10 G
b111110011100000000000000 w
b0 }
b0 y
b0 |
b0 ]
b0 u
b111110011100000000000000 ~
b0 {
b100000000000000 ^
b100000000000000 v
b0 [
b0 s
b1111100111 \
b1111100111 t
b0 Y
b0 k
b1111101000 Z
b1111101000 l
1&
#140000
0&
#145000
b1 B
0.
b11 G
b10000000000000000 Q
b10000000000000000 d
b111110011110000000000000000 R
b111110011110000000000000000 c
1&
#150000
0&
#155000
b10 B
1/
10
11
b11111001110000000000000000 Q
b11111001110000000000000000 d
b11 3
b11 9
b11 I
b11 `
b11111010000000000000000000 R
b11111010000000000000000000 c
b10 4
b10 :
b10 H
b10 _
b10 8
b1 A
b1 G
1&
#160000
0&
#165000
b11 B
1.
0/
00
01
b10 G
1&
#170000
0&
#175000
b1 B
0.
b11 G
b10000000000000000 Q
b10000000000000000 d
b111110011110000000000000000 R
b111110011110000000000000000 c
1&
#180000
0&
#185000
b10 B
1/
10
11
b11111100000110010000000000000000 Q
b11111100000110010000000000000000 d
b101 3
b101 9
b101 I
b101 `
b11111100000110000000000000000000 R
b11111100000110000000000000000000 c
b100 4
b100 :
b100 H
b100 _
b100 8
b10 A
b1 G
1&
#190000
0&
#195000
b11 B
1.
0/
00
01
b1111110000011001 N
b1111110000011001 m
b1111110000011001 x
b10 G
b11111111000001100100000000000000 w
b11111111000001100100000000000000 ~
b1111110000011001 \
b1111110000011001 t
b11111000001100010000000000000000 "
b11111000001100010000000000000000 2
b11111000001100010000000000000000 J
b11111000001100010000000000000000 M
b11111000001100010000000000000000 a
b1111100000110001 U
b1111100000110001 n
b11111111111111110000000000000000 L
b11111111111111110000000000000000 b
b1111111111111111 S
b1111111111111111 q
b1111110000011000 Z
b1111110000011000 l
1&
#200000
0&
#205000
b1 B
0.
b11 G
b11111111111111110000000000000000 Q
b11111111111111110000000000000000 d
b11111000001100010000000000000000 R
b11111000001100010000000000000000 c
1&
#210000
0&
#215000
b10 B
1/
10
11
b11111100000110010000000000000000 Q
b11111100000110010000000000000000 d
b111 3
b111 9
b111 I
b111 `
b11111100000110010000000000000000 R
b11111100000110010000000000000000 c
b110 4
b110 :
b110 H
b110 _
b110 8
b11 A
b1 G
1&
#220000
0&
#225000
b11 B
1.
0/
00
01
b10 G
b11111000001100100000000000000000 "
b11111000001100100000000000000000 2
b11111000001100100000000000000000 J
b11111000001100100000000000000000 M
b11111000001100100000000000000000 a
b1111100000110010 U
b1111100000110010 n
b0 L
b0 b
b0 S
b0 q
b1111110000011001 Z
b1111110000011001 l
1&
#230000
0&
#235000
b1 B
0.
b11 G
b0 Q
b0 d
b11111000001100100000000000000000 R
b11111000001100100000000000000000 c
1&
#240000
0&
#245000
b10 B
1/
10
11
b1001 3
b1001 9
b1001 I
b1001 `
b0 R
b0 c
b1000 4
b1000 :
b1000 H
b1000 _
b1000 8
b100 A
b1 G
1&
#250000
0&
#255000
b11 B
1.
0/
00
01
b0 N
b0 m
b0 x
b10 G
b0 w
b0 ~
b0 \
b0 t
b0 "
b0 2
b0 J
b0 M
b0 a
b0 U
b0 n
b0 L
b0 b
b0 S
b0 q
b0 Z
b0 l
1&
#260000
0&
#265000
b1 B
0.
b11 G
1&
#270000
0&
#275000
b10 B
1/
10
11
b1011 3
b1011 9
b1011 I
b1011 `
b1010 4
b1010 :
b1010 H
b1010 _
b1010 8
b101 A
b1 G
1&
#280000
0&
#285000
b11 B
1.
0/
00
01
b10 G
1&
#290000
0&
#295000
b1 B
0.
b11 G
1&
#300000
0&
#305000
b10 B
1/
10
11
b1101 3
b1101 9
b1101 I
b1101 `
b1100 4
b1100 :
b1100 H
b1100 _
b1100 8
b110 A
b1 G
1&
#310000
0&
#315000
b11 B
1.
0/
00
01
b10 G
1&
#320000
0&
#325000
b1 B
0.
b11 G
1&
#330000
0&
#335000
b10 B
1/
10
11
b1111 3
b1111 9
b1111 I
b1111 `
b1110 4
b1110 :
b1110 H
b1110 _
b1110 8
b111 A
b1 G
1&
#340000
0&
#345000
b11 B
1.
0/
00
01
b10 G
1&
#350000
0&
#355000
b1 B
0.
b11 G
1&
#360000
0&
#365000
b10 B
1/
10
11
b10110000110000000000000000 Q
b10110000110000000000000000 d
b10001 3
b10001 9
b10001 I
b10001 `
b10110000110000000000000000 R
b10110000110000000000000000 c
b10000 4
b10000 :
b10000 H
b10000 _
b10000 8
b1000 A
b1 G
1&
#370000
0&
#375000
b11 B
1.
0/
00
01
b1011000011 N
b1011000011 m
b1011000011 x
b10 G
b101100001100000000000000 w
b101100001100000000000000 ~
b1011000011 \
b1011000011 t
b101100001100000000000000000 "
b101100001100000000000000000 2
b101100001100000000000000000 J
b101100001100000000000000000 M
b101100001100000000000000000 a
b10110000110 U
b10110000110 n
b0 L
b0 b
b0 S
b0 q
b1011000011 Z
b1011000011 l
1&
#380000
0&
#385000
b1 B
0.
b11 G
b0 Q
b0 d
b101100001100000000000000000 R
b101100001100000000000000000 c
1&
#390000
0&
#395000
b10 B
1/
10
11
b10110000110000000000000000 Q
b10110000110000000000000000 d
b10011 3
b10011 9
b10011 I
b10011 `
b10110000110000000000000000 R
b10110000110000000000000000 c
b10010 4
b10010 :
b10010 H
b10010 _
b10010 8
b1001 A
b1 G
1&
#400000
0&
#405000
b11 B
1.
0/
00
01
b10 G
1&
#410000
0&
#415000
b1 B
0.
b11 G
b0 Q
b0 d
b101100001100000000000000000 R
b101100001100000000000000000 c
1&
#420000
0&
#425000
b10 B
1/
10
11
b11111101001111010000000000000000 Q
b11111101001111010000000000000000 d
b10101 3
b10101 9
b10101 I
b10101 `
b11111101001111010000000000000000 R
b11111101001111010000000000000000 c
b10100 4
b10100 :
b10100 H
b10100 _
b10100 8
b1010 A
b1 G
1&
#430000
0&
#435000
b11 B
1.
0/
00
01
b1111110100111101 N
b1111110100111101 m
b1111110100111101 x
b10 G
b11111111010011110100000000000000 w
b11111111010011110100000000000000 ~
b1111110100111101 \
b1111110100111101 t
b11111010011110100000000000000000 "
b11111010011110100000000000000000 2
b11111010011110100000000000000000 J
b11111010011110100000000000000000 M
b11111010011110100000000000000000 a
b1111101001111010 U
b1111101001111010 n
b0 L
b0 b
b0 S
b0 q
b1111110100111101 Z
b1111110100111101 l
1&
#440000
0&
#445000
b1 B
0.
b11 G
b0 Q
b0 d
b11111010011110100000000000000000 R
b11111010011110100000000000000000 c
1&
#450000
0&
#455000
b10 B
1/
10
11
b11111101001111010000000000000000 Q
b11111101001111010000000000000000 d
b10111 3
b10111 9
b10111 I
b10111 `
b11111101001111010000000000000000 R
b11111101001111010000000000000000 c
b10110 4
b10110 :
b10110 H
b10110 _
b10110 8
b1011 A
b1 G
1&
#460000
0&
#465000
b11 B
1.
0/
00
01
b10 G
1&
#470000
0&
#475000
b1 B
0.
b11 G
b0 Q
b0 d
b11111010011110100000000000000000 R
b11111010011110100000000000000000 c
1&
#480000
0&
#485000
b10 B
1/
10
11
b11111101001111010000000000000000 Q
b11111101001111010000000000000000 d
b11001 3
b11001 9
b11001 I
b11001 `
b11111101001111010000000000000000 R
b11111101001111010000000000000000 c
b11000 4
b11000 :
b11000 H
b11000 _
b11000 8
b1100 A
b1 G
1&
#490000
0&
#495000
b11 B
1.
0/
00
01
b10 G
1&
#500000
0&
#505000
b1 B
0.
b11 G
b0 Q
b0 d
b11111010011110100000000000000000 R
b11111010011110100000000000000000 c
1&
#510000
0&
#515000
b10 B
1/
10
11
b11111101001111010000000000000000 Q
b11111101001111010000000000000000 d
b11011 3
b11011 9
b11011 I
b11011 `
b11111101001111010000000000000000 R
b11111101001111010000000000000000 c
b11010 4
b11010 :
b11010 H
b11010 _
b11010 8
b1101 A
b1 G
1&
#520000
0&
#525000
b11 B
1.
0/
00
01
b10 G
1&
#530000
0&
#535000
b1 B
0.
b11 G
b0 Q
b0 d
b11111010011110100000000000000000 R
b11111010011110100000000000000000 c
1&
#540000
0&
#545000
b10 B
1/
10
11
b10110000110000000000000000 Q
b10110000110000000000000000 d
b11101 3
b11101 9
b11101 I
b11101 `
b10110000110000000000000000 R
b10110000110000000000000000 c
b11100 4
b11100 :
b11100 H
b11100 _
b11100 8
b1110 A
b1 G
1&
#550000
0&
#555000
b11 B
1.
0/
00
01
b1011000011 N
b1011000011 m
b1011000011 x
b10 G
b101100001100000000000000 w
b101100001100000000000000 ~
b1011000011 \
b1011000011 t
b101100001100000000000000000 "
b101100001100000000000000000 2
b101100001100000000000000000 J
b101100001100000000000000000 M
b101100001100000000000000000 a
b10110000110 U
b10110000110 n
b0 L
b0 b
b0 S
b0 q
b1011000011 Z
b1011000011 l
1&
#560000
0&
#565000
b1 B
0.
b11 G
b0 Q
b0 d
b101100001100000000000000000 R
b101100001100000000000000000 c
1&
#570000
0&
#575000
b10 B
1/
10
11
b10110000110000000000000000 Q
b10110000110000000000000000 d
b11111 3
b11111 9
b11111 I
b11111 `
b10110000110000000000000000 R
b10110000110000000000000000 c
b11110 4
b11110 :
b11110 H
b11110 _
b11110 8
b1111 A
b1 G
1&
#580000
0&
#585000
b11 B
1.
0/
00
01
b10 G
1&
#590000
0&
#595000
b1 B
0.
b11 G
b0 Q
b0 d
b101100001100000000000000000 R
b101100001100000000000000000 c
1&
#600000
0&
#605000
b10 B
1/
10
11
b11100110110000000000000000 Q
b11100110110000000000000000 d
b100001 3
b100001 9
b100001 I
b100001 `
b11100110110000000000000000 R
b11100110110000000000000000 c
b100000 4
b100000 :
b100000 H
b100000 _
b100000 8
b10000 A
b1 G
1&
#610000
0&
#615000
b11 B
1.
0/
00
01
b1110011011 N
b1110011011 m
b1110011011 x
b10 G
b111001101100000000000000 w
b111001101100000000000000 ~
b1110011011 \
b1110011011 t
b111001101100000000000000000 "
b111001101100000000000000000 2
b111001101100000000000000000 J
b111001101100000000000000000 M
b111001101100000000000000000 a
b11100110110 U
b11100110110 n
b0 L
b0 b
b0 S
b0 q
b1110011011 Z
b1110011011 l
1&
#620000
0&
#625000
b1 B
0.
b11 G
b0 Q
b0 d
b111001101100000000000000000 R
b111001101100000000000000000 c
1&
#630000
0&
#635000
b10 B
1/
10
11
b11100110110000000000000000 Q
b11100110110000000000000000 d
b100011 3
b100011 9
b100011 I
b100011 `
b11100110110000000000000000 R
b11100110110000000000000000 c
b100010 4
b100010 :
b100010 H
b100010 _
b100010 8
b10001 A
b1 G
1&
#640000
0&
#645000
b11 B
1.
0/
00
01
b10 G
1&
#650000
0&
#655000
b1 B
0.
b11 G
b0 Q
b0 d
b111001101100000000000000000 R
b111001101100000000000000000 c
1&
#660000
0&
#665000
b10 B
1/
10
11
b11111100011001010000000000000000 Q
b11111100011001010000000000000000 d
b100101 3
b100101 9
b100101 I
b100101 `
b11111100011001010000000000000000 R
b11111100011001010000000000000000 c
b100100 4
b100100 :
b100100 H
b100100 _
b100100 8
b10010 A
b1 G
1&
#670000
0&
#675000
b11 B
1.
0/
00
01
b1111110001100101 N
b1111110001100101 m
b1111110001100101 x
b10 G
b11111111000110010100000000000000 w
b11111111000110010100000000000000 ~
b1111110001100101 \
b1111110001100101 t
b11111000110010100000000000000000 "
b11111000110010100000000000000000 2
b11111000110010100000000000000000 J
b11111000110010100000000000000000 M
b11111000110010100000000000000000 a
b1111100011001010 U
b1111100011001010 n
b0 L
b0 b
b0 S
b0 q
b1111110001100101 Z
b1111110001100101 l
1&
#680000
0&
#685000
b1 B
0.
b11 G
b0 Q
b0 d
b11111000110010100000000000000000 R
b11111000110010100000000000000000 c
1&
#690000
0&
#695000
b10 B
1/
10
11
b11111100011001010000000000000000 Q
b11111100011001010000000000000000 d
b100111 3
b100111 9
b100111 I
b100111 `
b11111100011001010000000000000000 R
b11111100011001010000000000000000 c
b100110 4
b100110 :
b100110 H
b100110 _
b100110 8
b10011 A
b1 G
1&
#700000
0&
#705000
b11 B
1.
0/
00
01
b10 G
1&
#710000
0&
#715000
b1 B
0.
b11 G
b0 Q
b0 d
b11111000110010100000000000000000 R
b11111000110010100000000000000000 c
1&
#720000
0&
#725000
b10 B
1/
10
11
b11111110100000100000000000000000 Q
b11111110100000100000000000000000 d
b101001 3
b101001 9
b101001 I
b101001 `
b11111110100000100000000000000000 R
b11111110100000100000000000000000 c
b101000 4
b101000 :
b101000 H
b101000 _
b101000 8
b10100 A
b1 G
1&
#730000
0&
#735000
b11 B
1.
0/
00
01
b1111111010000010 N
b1111111010000010 m
b1111111010000010 x
b10 G
b11111111101000001000000000000000 w
b11111111101000001000000000000000 ~
b1111111010000010 \
b1111111010000010 t
b11111101000001000000000000000000 "
b11111101000001000000000000000000 2
b11111101000001000000000000000000 J
b11111101000001000000000000000000 M
b11111101000001000000000000000000 a
b1111110100000100 U
b1111110100000100 n
b0 L
b0 b
b0 S
b0 q
b1111111010000010 Z
b1111111010000010 l
1&
#740000
0&
#745000
b1 B
0.
b11 G
b0 Q
b0 d
b11111101000001000000000000000000 R
b11111101000001000000000000000000 c
1&
#750000
0&
#755000
b10 B
1/
10
11
b11111110100000100000000000000000 Q
b11111110100000100000000000000000 d
b101011 3
b101011 9
b101011 I
b101011 `
b11111110100000100000000000000000 R
b11111110100000100000000000000000 c
b101010 4
b101010 :
b101010 H
b101010 _
b101010 8
b10101 A
b1 G
1&
#760000
0&
#765000
b11 B
1.
0/
00
01
b10 G
1&
#770000
0&
#775000
b1 B
0.
b11 G
b0 Q
b0 d
b11111101000001000000000000000000 R
b11111101000001000000000000000000 c
1&
#780000
0&
#785000
b10 B
1/
10
11
b1011111100000000000000000 Q
b1011111100000000000000000 d
b101101 3
b101101 9
b101101 I
b101101 `
b1011111100000000000000000 R
b1011111100000000000000000 c
b101100 4
b101100 :
b101100 H
b101100 _
b101100 8
b10110 A
b1 G
1&
#790000
0&
#795000
b11 B
1.
0/
00
01
b101111110 N
b101111110 m
b101111110 x
b10 G
b10111111000000000000000 w
b10111111000000000000000 ~
b101111110 \
b101111110 t
b10111111000000000000000000 "
b10111111000000000000000000 2
b10111111000000000000000000 J
b10111111000000000000000000 M
b10111111000000000000000000 a
b1011111100 U
b1011111100 n
b0 L
b0 b
b0 S
b0 q
b101111110 Z
b101111110 l
1&
#800000
0&
#805000
b1 B
0.
b11 G
b0 Q
b0 d
b10111111000000000000000000 R
b10111111000000000000000000 c
1&
#810000
0&
#815000
b10 B
1/
10
11
b1011111100000000000000000 Q
b1011111100000000000000000 d
b101111 3
b101111 9
b101111 I
b101111 `
b1011111100000000000000000 R
b1011111100000000000000000 c
b101110 4
b101110 :
b101110 H
b101110 _
b101110 8
b10111 A
b1 G
1&
#820000
0&
#825000
b11 B
1.
0/
00
01
b10 G
1&
#830000
0&
#835000
b1 B
0.
b11 G
b0 Q
b0 d
b10111111000000000000000000 R
b10111111000000000000000000 c
1&
#840000
0&
#845000
b10 B
1/
10
11
b1011111100000000000000000 Q
b1011111100000000000000000 d
b110001 3
b110001 9
b110001 I
b110001 `
b1011111100000000000000000 R
b1011111100000000000000000 c
b110000 4
b110000 :
b110000 H
b110000 _
b110000 8
b11000 A
b1 G
1&
#850000
0&
#855000
b11 B
1.
0/
00
01
b10 G
1&
#860000
0&
#865000
b1 B
0.
b11 G
b0 Q
b0 d
b10111111000000000000000000 R
b10111111000000000000000000 c
1&
#870000
0&
#875000
b10 B
1/
10
11
b1011111100000000000000000 Q
b1011111100000000000000000 d
b110011 3
b110011 9
b110011 I
b110011 `
b1011111100000000000000000 R
b1011111100000000000000000 c
b110010 4
b110010 :
b110010 H
b110010 _
b110010 8
b11001 A
b1 G
1&
#880000
0&
#885000
b11 B
1.
0/
00
01
b10 G
1&
#890000
0&
#895000
b1 B
0.
b11 G
b0 Q
b0 d
b10111111000000000000000000 R
b10111111000000000000000000 c
1&
#900000
0&
#905000
b10 B
1/
10
11
b11111110100000100000000000000000 Q
b11111110100000100000000000000000 d
b110101 3
b110101 9
b110101 I
b110101 `
b11111110100000100000000000000000 R
b11111110100000100000000000000000 c
b110100 4
b110100 :
b110100 H
b110100 _
b110100 8
b11010 A
b1 G
1&
#910000
0&
#915000
b11 B
1.
0/
00
01
b1111111010000010 N
b1111111010000010 m
b1111111010000010 x
b10 G
b11111111101000001000000000000000 w
b11111111101000001000000000000000 ~
b1111111010000010 \
b1111111010000010 t
b11111101000001000000000000000000 "
b11111101000001000000000000000000 2
b11111101000001000000000000000000 J
b11111101000001000000000000000000 M
b11111101000001000000000000000000 a
b1111110100000100 U
b1111110100000100 n
b0 L
b0 b
b0 S
b0 q
b1111111010000010 Z
b1111111010000010 l
1&
#920000
0&
#925000
b1 B
0.
b11 G
b0 Q
b0 d
b11111101000001000000000000000000 R
b11111101000001000000000000000000 c
1&
#930000
0&
#935000
b10 B
1/
10
11
b11111110100000100000000000000000 Q
b11111110100000100000000000000000 d
b110111 3
b110111 9
b110111 I
b110111 `
b11111110100000100000000000000000 R
b11111110100000100000000000000000 c
b110110 4
b110110 :
b110110 H
b110110 _
b110110 8
b11011 A
b1 G
1&
#940000
0&
#945000
b11 B
1.
0/
00
01
b10 G
1&
#950000
0&
#955000
b1 B
0.
b11 G
b0 Q
b0 d
b11111101000001000000000000000000 R
b11111101000001000000000000000000 c
1&
#960000
0&
#965000
b10 B
1/
10
11
b11111100011001010000000000000000 Q
b11111100011001010000000000000000 d
b111001 3
b111001 9
b111001 I
b111001 `
b11111100011001010000000000000000 R
b11111100011001010000000000000000 c
b111000 4
b111000 :
b111000 H
b111000 _
b111000 8
b11100 A
b1 G
1&
#970000
0&
#975000
b11 B
1.
0/
00
01
b1111110001100101 N
b1111110001100101 m
b1111110001100101 x
b10 G
b11111111000110010100000000000000 w
b11111111000110010100000000000000 ~
b1111110001100101 \
b1111110001100101 t
b11111000110010100000000000000000 "
b11111000110010100000000000000000 2
b11111000110010100000000000000000 J
b11111000110010100000000000000000 M
b11111000110010100000000000000000 a
b1111100011001010 U
b1111100011001010 n
b0 L
b0 b
b0 S
b0 q
b1111110001100101 Z
b1111110001100101 l
1&
#980000
0&
#985000
b1 B
0.
b11 G
b0 Q
b0 d
b11111000110010100000000000000000 R
b11111000110010100000000000000000 c
1&
#990000
0&
#995000
b10 B
1/
10
11
b11111100011001010000000000000000 Q
b11111100011001010000000000000000 d
b111011 3
b111011 9
b111011 I
b111011 `
b11111100011001010000000000000000 R
b11111100011001010000000000000000 c
b111010 4
b111010 :
b111010 H
b111010 _
b111010 8
b11101 A
b1 G
1&
#1000000
0&
#1005000
b11 B
1.
0/
00
01
b10 G
1&
#1010000
0&
#1015000
b1 B
0.
b11 G
b0 Q
b0 d
b11111000110010100000000000000000 R
b11111000110010100000000000000000 c
1&
#1020000
0&
#1025000
b10 B
1/
10
11
b11100110110000000000000000 Q
b11100110110000000000000000 d
b111101 3
b111101 9
b111101 I
b111101 `
b11100110110000000000000000 R
b11100110110000000000000000 c
b111100 4
b111100 :
b111100 H
b111100 _
b111100 8
b11110 A
b1 G
1&
#1030000
0&
#1035000
b11 B
1.
0/
00
01
b1110011011 N
b1110011011 m
b1110011011 x
b10 G
b111001101100000000000000 w
b111001101100000000000000 ~
b1110011011 \
b1110011011 t
b111001101100000000000000000 "
b111001101100000000000000000 2
b111001101100000000000000000 J
b111001101100000000000000000 M
b111001101100000000000000000 a
b11100110110 U
b11100110110 n
b0 L
b0 b
b0 S
b0 q
b1110011011 Z
b1110011011 l
1&
#1040000
0&
#1045000
b1 B
0.
b11 G
b0 Q
b0 d
b111001101100000000000000000 R
b111001101100000000000000000 c
1&
#1050000
0&
#1055000
b10 B
1/
10
11
b11100110110000000000000000 Q
b11100110110000000000000000 d
b111111 3
b111111 9
b111111 I
b111111 `
b11100110110000000000000000 R
b11100110110000000000000000 c
b111110 4
b111110 :
b111110 H
b111110 _
b111110 8
b11111 A
b1 G
1&
#1060000
0&
#1065000
b11 B
1.
0/
00
01
b10 G
1&
#1070000
0&
#1075000
b1 B
0.
b11 G
b0 Q
b0 d
b111001101100000000000000000 R
b111001101100000000000000000 c
1&
#1080000
0&
#1085000
b10 B
1/
10
11
b10000 C
b10 E
b10 F
b111110011110000000000000000 Q
b111110011110000000000000000 d
b10 3
b10 9
b10 I
b10 `
b111110011110000000000000000 R
b111110011110000000000000000 c
b0 4
b0 :
b0 H
b0 _
b0 8
b0 A
b1 G
1&
#1090000
0&
#1095000
b11 B
1.
0/
00
01
b11111001111 N
b11111001111 m
b11111001111 x
b10 G
b1111100111100000000000000 w
b1111100111100000000000000 ~
b11111001111 \
b11111001111 t
b1111100111100000000000000000 "
b1111100111100000000000000000 2
b1111100111100000000000000000 J
b1111100111100000000000000000 M
b1111100111100000000000000000 a
b111110011110 U
b111110011110 n
b0 L
b0 b
b0 S
b0 q
b11111001111 Z
b11111001111 l
1&
#1100000
0&
#1105000
b1 B
0.
b11 G
b0 Q
b0 d
b1111100111100000000000000000 R
b1111100111100000000000000000 c
1&
#1110000
0&
#1115000
b11000000000000000101101010000010 P
b11000000000000000101101010000010 j
b10 B
1/
10
11
b10000000000000000 Q
b10000000000000000 d
b11 3
b11 9
b11 I
b11 `
b10000000000000000 R
b10000000000000000 c
b1 4
b1 :
b1 H
b1 _
b10000 -
b10000 7
b10000 K
b10000 g
b1 D
b1 G
1&
#1120000
0&
#1125000
b11 B
1.
0/
00
01
b1111111111111111 T
b1111111111111111 r
b1 V
b1 o
b1 O
b1 p
b1 z
b1111111111111111 N
b1111111111111111 m
b1111111111111111 x
b10 G
b101101010000010 y
b101101010000010 |
b101101010000010 ]
b101101010000010 u
b1100000000000000 ^
b1100000000000000 v
b11111111111111111100000000000000 w
b11111111111111111100000000000000 ~
b1 \
b1 t
b1 "
b1 2
b1 J
b1 M
b1 a
b0 U
b0 n
b101111111111111111 L
b101111111111111111 b
b10 S
b10 q
b1 Z
b1 l
1&
#1130000
0&
#1135000
b1 B
0.
b11 G
b101111111111111111 Q
b101111111111111111 d
b1 R
b1 c
1&
#1140000
0&
#1145000
b1000000000000000000000000000000 P
b1000000000000000000000000000000 j
b10 B
1/
10
11
b100 8
b1 A
b11111000001100100000000000000000 Q
b11111000001100100000000000000000 d
b110 3
b110 9
b110 I
b110 `
b11111000001100010000000000000000 R
b11111000001100010000000000000000 c
b100 4
b100 :
b100 H
b100 _
b0 -
b0 7
b0 K
b0 g
b0 D
b1 G
1&
#1150000
0&
#1155000
b11 B
1.
0/
00
01
b1111100000110010 N
b1111100000110010 m
b1111100000110010 x
b0 T
b0 r
b0 V
b0 o
b0 O
b0 p
b0 z
b10 G
b0 ]
b0 u
b100000000000000 ^
b100000000000000 v
b11111110000011001000000000000000 w
b11111110000011001000000000000000 ~
b0 y
b0 |
b1111100000110010 \
b1111100000110010 t
b11110000011000110000000000000000 "
b11110000011000110000000000000000 2
b11110000011000110000000000000000 J
b11110000011000110000000000000000 M
b11110000011000110000000000000000 a
b1111000001100011 U
b1111000001100011 n
b11111111111111110000000000000000 L
b11111111111111110000000000000000 b
b1111111111111111 S
b1111111111111111 q
b1111100000110001 Z
b1111100000110001 l
1&
#1160000
0&
#1165000
b1 B
0.
b11 G
b11111111111111110000000000000000 Q
b11111111111111110000000000000000 d
b11110000011000110000000000000000 R
b11110000011000110000000000000000 c
1&
#1170000
0&
#1175000
b11000000000000000101101010000010 P
b11000000000000000101101010000010 j
b10 B
1/
10
11
b0 Q
b0 d
b111 3
b111 9
b111 I
b111 `
b11111111111111110000000000000000 R
b11111111111111110000000000000000 c
b101 4
b101 :
b101 H
b101 _
b10000 -
b10000 7
b10000 K
b10000 g
b1 D
b1 G
1&
#1180000
0&
#1185000
b11 B
1.
0/
00
01
b0 N
b0 m
b0 x
b10 G
b101101010000010 ]
b101101010000010 u
b1100000000000000 ^
b1100000000000000 v
b0 w
b0 ~
b0 \
b0 t
b11111111111111110000000000000000 "
b11111111111111110000000000000000 2
b11111111111111110000000000000000 J
b11111111111111110000000000000000 M
b11111111111111110000000000000000 a
b1111111111111111 U
b1111111111111111 n
b11111111111111110000000000000000 L
b11111111111111110000000000000000 b
b1111111111111111 S
b1111111111111111 q
b1111111111111111 Z
b1111111111111111 l
1&
#1190000
0&
#1195000
b1 B
0.
b11 G
b11111111111111110000000000000000 Q
b11111111111111110000000000000000 d
1&
#1200000
0&
#1205000
b1000000000000000000000000000000 P
b1000000000000000000000000000000 j
b10 B
1/
10
11
b0 Q
b0 d
b1000 8
b10 A
b1010 3
b1010 9
b1010 I
b1010 `
b0 R
b0 c
b1000 4
b1000 :
b1000 H
b1000 _
b0 -
b0 7
b0 K
b0 g
b0 D
b1 G
1&
#1210000
0&
#1215000
b11 B
1.
0/
00
01
b10 G
b0 ]
b0 u
b100000000000000 ^
b100000000000000 v
b0 "
b0 2
b0 J
b0 M
b0 a
b0 U
b0 n
b0 L
b0 b
b0 S
b0 q
b0 Z
b0 l
1&
#1220000
0&
#1225000
b1 B
0.
b11 G
1&
#1230000
0&
#1235000
b11000000000000000101101010000010 P
b11000000000000000101101010000010 j
b10 B
1/
10
11
b1011 3
b1011 9
b1011 I
b1011 `
b1001 4
b1001 :
b1001 H
b1001 _
b10000 -
b10000 7
b10000 K
b10000 g
b1 D
b1 G
1&
#1240000
0&
#1245000
b11 B
1.
0/
00
01
b10 G
b101101010000010 ]
b101101010000010 u
b1100000000000000 ^
b1100000000000000 v
1&
#1250000
0&
#1255000
b1 B
0.
b11 G
1&
#1260000
0&
#1265000
b1000000000000000000000000000000 P
b1000000000000000000000000000000 j
b10 B
1/
10
11
b1100 8
b11 A
b1110 3
b1110 9
b1110 I
b1110 `
b1100 4
b1100 :
b1100 H
b1100 _
b0 -
b0 7
b0 K
b0 g
b0 D
b1 G
1&
#1270000
0&
#1275000
b11 B
1.
0/
00
01
b10 G
b0 ]
b0 u
b100000000000000 ^
b100000000000000 v
1&
#1280000
0&
#1285000
b1 B
0.
b11 G
1&
#1290000
0&
#1295000
b11000000000000000101101010000010 P
b11000000000000000101101010000010 j
b10 B
1/
10
11
b1111 3
b1111 9
b1111 I
b1111 `
b1101 4
b1101 :
b1101 H
b1101 _
b10000 -
b10000 7
b10000 K
b10000 g
b1 D
b1 G
1&
#1300000
0&
#1305000
b11 B
1.
0/
00
01
b10 G
b101101010000010 ]
b101101010000010 u
b1100000000000000 ^
b1100000000000000 v
1&
#1310000
0&
#1315000
b1 B
0.
b11 G
1&
#1320000
0&
#1325000
b1000000000000000000000000000000 P
b1000000000000000000000000000000 j
b10 B
1/
10
11
b101100001100000000000000000 Q
b101100001100000000000000000 d
b101100001100000000000000000 R
b101100001100000000000000000 c
b10000 8
b100 A
b10010 3
b10010 9
b10010 I
b10010 `
b10000 4
b10000 :
b10000 H
b10000 _
b0 -
b0 7
b0 K
b0 g
b0 D
b1 G
1&
#1330000
0&
#1335000
b11 B
1.
0/
00
01
b10110000110 N
b10110000110 m
b10110000110 x
b10 G
b0 ]
b0 u
b100000000000000 ^
b100000000000000 v
b1011000011000000000000000 w
b1011000011000000000000000 ~
b0 y
b0 |
b10110000110 \
b10110000110 t
b1011000011000000000000000000 "
b1011000011000000000000000000 2
b1011000011000000000000000000 J
b1011000011000000000000000000 M
b1011000011000000000000000000 a
b101100001100 U
b101100001100 n
b0 L
b0 b
b0 S
b0 q
b10110000110 Z
b10110000110 l
1&
#1340000
0&
#1345000
b1 B
0.
b11 G
b0 Q
b0 d
b1011000011000000000000000000 R
b1011000011000000000000000000 c
1&
#1350000
0&
#1355000
b11000000000000000101101010000010 P
b11000000000000000101101010000010 j
b10 B
1/
10
11
b10011 3
b10011 9
b10011 I
b10011 `
b0 R
b0 c
b10001 4
b10001 :
b10001 H
b10001 _
b10000 -
b10000 7
b10000 K
b10000 g
b1 D
b1 G
1&
#1360000
0&
#1365000
b11 B
1.
0/
00
01
b0 N
b0 m
b0 x
b10 G
b101101010000010 ]
b101101010000010 u
b1100000000000000 ^
b1100000000000000 v
b0 w
b0 ~
b0 \
b0 t
b0 "
b0 2
b0 J
b0 M
b0 a
b0 U
b0 n
b0 L
b0 b
b0 S
b0 q
b0 Z
b0 l
1&
#1370000
0&
#1375000
b1 B
0.
b11 G
1&
#1380000
0&
#1385000
b1000000000000000000000000000000 P
b1000000000000000000000000000000 j
b10 B
1/
10
11
b11111010011110100000000000000000 Q
b11111010011110100000000000000000 d
b10100 8
b101 A
b10110 3
b10110 9
b10110 I
b10110 `
b11111010011110100000000000000000 R
b11111010011110100000000000000000 c
b10100 4
b10100 :
b10100 H
b10100 _
b0 -
b0 7
b0 K
b0 g
b0 D
b1 G
1&
#1390000
0&
#1395000
b11 B
1.
0/
00
01
b1111101001111010 N
b1111101001111010 m
b1111101001111010 x
b10 G
b0 ]
b0 u
b100000000000000 ^
b100000000000000 v
b11111110100111101000000000000000 w
b11111110100111101000000000000000 ~
b0 y
b0 |
b1111101001111010 \
b1111101001111010 t
b11110100111101000000000000000000 "
b11110100111101000000000000000000 2
b11110100111101000000000000000000 J
b11110100111101000000000000000000 M
b11110100111101000000000000000000 a
b1111010011110100 U
b1111010011110100 n
b0 L
b0 b
b0 S
b0 q
b1111101001111010 Z
b1111101001111010 l
1&
#1400000
0&
#1405000
b1 B
0.
b11 G
b0 Q
b0 d
b11110100111101000000000000000000 R
b11110100111101000000000000000000 c
1&
#1410000
0&
#1415000
b11000000000000000101101010000010 P
b11000000000000000101101010000010 j
b10 B
1/
10
11
b10111 3
b10111 9
b10111 I
b10111 `
b0 R
b0 c
b10101 4
b10101 :
b10101 H
b10101 _
b10000 -
b10000 7
b10000 K
b10000 g
b1 D
b1 G
1&
#1420000
0&
#1425000
b11 B
1.
0/
00
01
b0 N
b0 m
b0 x
b10 G
b101101010000010 ]
b101101010000010 u
b1100000000000000 ^
b1100000000000000 v
b0 w
b0 ~
b0 \
b0 t
b0 "
b0 2
b0 J
b0 M
b0 a
b0 U
b0 n
b0 L
b0 b
b0 S
b0 q
b0 Z
b0 l
1&
#1430000
0&
#1435000
b1 B
0.
b11 G
1&
#1440000
0&
#1445000
b1000000000000000000000000000000 P
b1000000000000000000000000000000 j
b10 B
1/
10
11
b11111010011110100000000000000000 Q
b11111010011110100000000000000000 d
b11000 8
b110 A
b11010 3
b11010 9
b11010 I
b11010 `
b11111010011110100000000000000000 R
b11111010011110100000000000000000 c
b11000 4
b11000 :
b11000 H
b11000 _
b0 -
b0 7
b0 K
b0 g
b0 D
b1 G
1&
#1450000
0&
#1455000
b11 B
1.
0/
00
01
b1111101001111010 N
b1111101001111010 m
b1111101001111010 x
b10 G
b0 ]
b0 u
b100000000000000 ^
b100000000000000 v
b11111110100111101000000000000000 w
b11111110100111101000000000000000 ~
b0 y
b0 |
b1111101001111010 \
b1111101001111010 t
b11110100111101000000000000000000 "
b11110100111101000000000000000000 2
b11110100111101000000000000000000 J
b11110100111101000000000000000000 M
b11110100111101000000000000000000 a
b1111010011110100 U
b1111010011110100 n
b0 L
b0 b
b0 S
b0 q
b1111101001111010 Z
b1111101001111010 l
1&
#1460000
0&
#1465000
b1 B
0.
b11 G
b0 Q
b0 d
b11110100111101000000000000000000 R
b11110100111101000000000000000000 c
1&
#1470000
0&
#1475000
b11000000000000000101101010000010 P
b11000000000000000101101010000010 j
b10 B
1/
10
11
b11011 3
b11011 9
b11011 I
b11011 `
b0 R
b0 c
b11001 4
b11001 :
b11001 H
b11001 _
b10000 -
b10000 7
b10000 K
b10000 g
b1 D
b1 G
1&
#1480000
0&
#1485000
b11 B
1.
0/
00
01
b0 N
b0 m
b0 x
b10 G
b101101010000010 ]
b101101010000010 u
b1100000000000000 ^
b1100000000000000 v
b0 w
b0 ~
b0 \
b0 t
b0 "
b0 2
b0 J
b0 M
b0 a
b0 U
b0 n
b0 L
b0 b
b0 S
b0 q
b0 Z
b0 l
1&
#1490000
0&
#1495000
b1 B
0.
b11 G
1&
#1500000
0&
#1505000
b1000000000000000000000000000000 P
b1000000000000000000000000000000 j
b10 B
1/
10
11
b101100001100000000000000000 Q
b101100001100000000000000000 d
b11100 8
b111 A
b11110 3
b11110 9
b11110 I
b11110 `
b101100001100000000000000000 R
b101100001100000000000000000 c
b11100 4
b11100 :
b11100 H
b11100 _
b0 -
b0 7
b0 K
b0 g
b0 D
b1 G
1&
#1510000
0&
#1515000
b11 B
1.
0/
00
01
b10110000110 N
b10110000110 m
b10110000110 x
b10 G
b0 ]
b0 u
b100000000000000 ^
b100000000000000 v
b1011000011000000000000000 w
b1011000011000000000000000 ~
b0 y
b0 |
b10110000110 \
b10110000110 t
b1011000011000000000000000000 "
b1011000011000000000000000000 2
b1011000011000000000000000000 J
b1011000011000000000000000000 M
b1011000011000000000000000000 a
b101100001100 U
b101100001100 n
b0 L
b0 b
b0 S
b0 q
b10110000110 Z
b10110000110 l
1&
#1520000
0&
#1525000
b1 B
0.
b11 G
b0 Q
b0 d
b1011000011000000000000000000 R
b1011000011000000000000000000 c
1&
#1530000
0&
#1535000
b11000000000000000101101010000010 P
b11000000000000000101101010000010 j
b10 B
1/
10
11
b11111 3
b11111 9
b11111 I
b11111 `
b0 R
b0 c
b11101 4
b11101 :
b11101 H
b11101 _
b10000 -
b10000 7
b10000 K
b10000 g
b1 D
b1 G
1&
#1540000
0&
#1545000
b11 B
1.
0/
00
01
b0 N
b0 m
b0 x
b10 G
b101101010000010 ]
b101101010000010 u
b1100000000000000 ^
b1100000000000000 v
b0 w
b0 ~
b0 \
b0 t
b0 "
b0 2
b0 J
b0 M
b0 a
b0 U
b0 n
b0 L
b0 b
b0 S
b0 q
b0 Z
b0 l
1&
#1550000
0&
#1555000
b1 B
0.
b11 G
1&
#1560000
0&
#1565000
b1000000000000000000000000000000 P
b1000000000000000000000000000000 j
b10 B
1/
10
11
b111001101100000000000000000 Q
b111001101100000000000000000 d
b100000 8
b1000 A
b100010 3
b100010 9
b100010 I
b100010 `
b111001101100000000000000000 R
b111001101100000000000000000 c
b100000 4
b100000 :
b100000 H
b100000 _
b0 -
b0 7
b0 K
b0 g
b0 D
b1 G
1&
#1570000
0&
#1575000
b11 B
1.
0/
00
01
b11100110110 N
b11100110110 m
b11100110110 x
b10 G
b0 ]
b0 u
b100000000000000 ^
b100000000000000 v
b1110011011000000000000000 w
b1110011011000000000000000 ~
b0 y
b0 |
b11100110110 \
b11100110110 t
b1110011011000000000000000000 "
b1110011011000000000000000000 2
b1110011011000000000000000000 J
b1110011011000000000000000000 M
b1110011011000000000000000000 a
b111001101100 U
b111001101100 n
b0 L
b0 b
b0 S
b0 q
b11100110110 Z
b11100110110 l
1&
#1580000
0&
#1585000
b1 B
0.
b11 G
b0 Q
b0 d
b1110011011000000000000000000 R
b1110011011000000000000000000 c
1&
#1590000
0&
#1595000
b11000000000000000101101010000010 P
b11000000000000000101101010000010 j
b10 B
1/
10
11
b100011 3
b100011 9
b100011 I
b100011 `
b0 R
b0 c
b100001 4
b100001 :
b100001 H
b100001 _
b10000 -
b10000 7
b10000 K
b10000 g
b1 D
b1 G
1&
#1600000
0&
#1605000
b11 B
1.
0/
00
01
b0 N
b0 m
b0 x
b10 G
b101101010000010 ]
b101101010000010 u
b1100000000000000 ^
b1100000000000000 v
b0 w
b0 ~
b0 \
b0 t
b0 "
b0 2
b0 J
b0 M
b0 a
b0 U
b0 n
b0 L
b0 b
b0 S
b0 q
b0 Z
b0 l
1&
#1610000
0&
#1615000
b1 B
0.
b11 G
1&
#1620000
0&
#1625000
b1000000000000000000000000000000 P
b1000000000000000000000000000000 j
b10 B
1/
10
11
b11111000110010100000000000000000 Q
b11111000110010100000000000000000 d
b100100 8
b1001 A
b100110 3
b100110 9
b100110 I
b100110 `
b11111000110010100000000000000000 R
b11111000110010100000000000000000 c
b100100 4
b100100 :
b100100 H
b100100 _
b0 -
b0 7
b0 K
b0 g
b0 D
b1 G
1&
#1630000
0&
#1635000
b11 B
1.
0/
00
01
b1111100011001010 N
b1111100011001010 m
b1111100011001010 x
b10 G
b0 ]
b0 u
b100000000000000 ^
b100000000000000 v
b11111110001100101000000000000000 w
b11111110001100101000000000000000 ~
b0 y
b0 |
b1111100011001010 \
b1111100011001010 t
b11110001100101000000000000000000 "
b11110001100101000000000000000000 2
b11110001100101000000000000000000 J
b11110001100101000000000000000000 M
b11110001100101000000000000000000 a
b1111000110010100 U
b1111000110010100 n
b0 L
b0 b
b0 S
b0 q
b1111100011001010 Z
b1111100011001010 l
1&
#1640000
0&
#1645000
b1 B
0.
b11 G
b0 Q
b0 d
b11110001100101000000000000000000 R
b11110001100101000000000000000000 c
1&
#1650000
0&
#1655000
b11000000000000000101101010000010 P
b11000000000000000101101010000010 j
b10 B
1/
10
11
b100111 3
b100111 9
b100111 I
b100111 `
b0 R
b0 c
b100101 4
b100101 :
b100101 H
b100101 _
b10000 -
b10000 7
b10000 K
b10000 g
b1 D
b1 G
1&
#1660000
0&
#1665000
b11 B
1.
0/
00
01
b0 N
b0 m
b0 x
b10 G
b101101010000010 ]
b101101010000010 u
b1100000000000000 ^
b1100000000000000 v
b0 w
b0 ~
b0 \
b0 t
b0 "
b0 2
b0 J
b0 M
b0 a
b0 U
b0 n
b0 L
b0 b
b0 S
b0 q
b0 Z
b0 l
1&
#1670000
0&
#1675000
b1 B
0.
b11 G
1&
#1680000
0&
#1685000
b1000000000000000000000000000000 P
b1000000000000000000000000000000 j
b10 B
1/
10
11
b11111101000001000000000000000000 Q
b11111101000001000000000000000000 d
b101000 8
b1010 A
b101010 3
b101010 9
b101010 I
b101010 `
b11111101000001000000000000000000 R
b11111101000001000000000000000000 c
b101000 4
b101000 :
b101000 H
b101000 _
b0 -
b0 7
b0 K
b0 g
b0 D
b1 G
1&
#1690000
0&
#1695000
b11 B
1.
0/
00
01
b1111110100000100 N
b1111110100000100 m
b1111110100000100 x
b10 G
b0 ]
b0 u
b100000000000000 ^
b100000000000000 v
b11111111010000010000000000000000 w
b11111111010000010000000000000000 ~
b0 y
b0 |
b1111110100000100 \
b1111110100000100 t
b11111010000010000000000000000000 "
b11111010000010000000000000000000 2
b11111010000010000000000000000000 J
b11111010000010000000000000000000 M
b11111010000010000000000000000000 a
b1111101000001000 U
b1111101000001000 n
b0 L
b0 b
b0 S
b0 q
b1111110100000100 Z
b1111110100000100 l
1&
#1700000
0&
#1705000
b1 B
0.
b11 G
b0 Q
b0 d
b11111010000010000000000000000000 R
b11111010000010000000000000000000 c
1&
#1710000
0&
#1715000
b11000000000000000101101010000010 P
b11000000000000000101101010000010 j
b10 B
1/
10
11
b101011 3
b101011 9
b101011 I
b101011 `
b0 R
b0 c
b101001 4
b101001 :
b101001 H
b101001 _
b10000 -
b10000 7
b10000 K
b10000 g
b1 D
b1 G
1&
#1720000
0&
#1725000
b11 B
1.
0/
00
01
b0 N
b0 m
b0 x
b10 G
b101101010000010 ]
b101101010000010 u
b1100000000000000 ^
b1100000000000000 v
b0 w
b0 ~
b0 \
b0 t
b0 "
b0 2
b0 J
b0 M
b0 a
b0 U
b0 n
b0 L
b0 b
b0 S
b0 q
b0 Z
b0 l
1&
#1730000
0&
#1735000
b1 B
0.
b11 G
1&
#1740000
0&
#1745000
b1000000000000000000000000000000 P
b1000000000000000000000000000000 j
b10 B
1/
10
11
b10111111000000000000000000 Q
b10111111000000000000000000 d
b101100 8
b1011 A
b101110 3
b101110 9
b101110 I
b101110 `
b10111111000000000000000000 R
b10111111000000000000000000 c
b101100 4
b101100 :
b101100 H
b101100 _
b0 -
b0 7
b0 K
b0 g
b0 D
b1 G
1&
#1750000
0&
#1755000
b11 B
1.
0/
00
01
b1011111100 N
b1011111100 m
b1011111100 x
b10 G
b0 ]
b0 u
b100000000000000 ^
b100000000000000 v
b101111110000000000000000 w
b101111110000000000000000 ~
b0 y
b0 |
b1011111100 \
b1011111100 t
b101111110000000000000000000 "
b101111110000000000000000000 2
b101111110000000000000000000 J
b101111110000000000000000000 M
b101111110000000000000000000 a
b10111111000 U
b10111111000 n
b0 L
b0 b
b0 S
b0 q
b1011111100 Z
b1011111100 l
1&
#1760000
0&
#1765000
b1 B
0.
b11 G
b0 Q
b0 d
b101111110000000000000000000 R
b101111110000000000000000000 c
1&
#1770000
0&
#1775000
b11000000000000000101101010000010 P
b11000000000000000101101010000010 j
b10 B
1/
10
11
b101111 3
b101111 9
b101111 I
b101111 `
b0 R
b0 c
b101101 4
b101101 :
b101101 H
b101101 _
b10000 -
b10000 7
b10000 K
b10000 g
b1 D
b1 G
1&
#1780000
0&
#1785000
b11 B
1.
0/
00
01
b0 N
b0 m
b0 x
b10 G
b101101010000010 ]
b101101010000010 u
b1100000000000000 ^
b1100000000000000 v
b0 w
b0 ~
b0 \
b0 t
b0 "
b0 2
b0 J
b0 M
b0 a
b0 U
b0 n
b0 L
b0 b
b0 S
b0 q
b0 Z
b0 l
1&
#1790000
0&
#1795000
b1 B
0.
b11 G
1&
#1800000
0&
#1805000
b1000000000000000000000000000000 P
b1000000000000000000000000000000 j
b10 B
1/
10
11
b10111111000000000000000000 Q
b10111111000000000000000000 d
b110000 8
b1100 A
b110010 3
b110010 9
b110010 I
b110010 `
b10111111000000000000000000 R
b10111111000000000000000000 c
b110000 4
b110000 :
b110000 H
b110000 _
b0 -
b0 7
b0 K
b0 g
b0 D
b1 G
1&
#1810000
0&
#1815000
b11 B
1.
0/
00
01
b1011111100 N
b1011111100 m
b1011111100 x
b10 G
b0 ]
b0 u
b100000000000000 ^
b100000000000000 v
b101111110000000000000000 w
b101111110000000000000000 ~
b0 y
b0 |
b1011111100 \
b1011111100 t
b101111110000000000000000000 "
b101111110000000000000000000 2
b101111110000000000000000000 J
b101111110000000000000000000 M
b101111110000000000000000000 a
b10111111000 U
b10111111000 n
b0 L
b0 b
b0 S
b0 q
b1011111100 Z
b1011111100 l
1&
#1820000
0&
#1825000
b1 B
0.
b11 G
b0 Q
b0 d
b101111110000000000000000000 R
b101111110000000000000000000 c
1&
#1830000
0&
#1835000
b11000000000000000101101010000010 P
b11000000000000000101101010000010 j
b10 B
1/
10
11
b110011 3
b110011 9
b110011 I
b110011 `
b0 R
b0 c
b110001 4
b110001 :
b110001 H
b110001 _
b10000 -
b10000 7
b10000 K
b10000 g
b1 D
b1 G
1&
#1840000
0&
#1845000
b11 B
1.
0/
00
01
b0 N
b0 m
b0 x
b10 G
b101101010000010 ]
b101101010000010 u
b1100000000000000 ^
b1100000000000000 v
b0 w
b0 ~
b0 \
b0 t
b0 "
b0 2
b0 J
b0 M
b0 a
b0 U
b0 n
b0 L
b0 b
b0 S
b0 q
b0 Z
b0 l
1&
#1850000
0&
#1855000
b1 B
0.
b11 G
1&
#1860000
0&
#1865000
b1000000000000000000000000000000 P
b1000000000000000000000000000000 j
b10 B
1/
10
11
b11111101000001000000000000000000 Q
b11111101000001000000000000000000 d
b110100 8
b1101 A
b110110 3
b110110 9
b110110 I
b110110 `
b11111101000001000000000000000000 R
b11111101000001000000000000000000 c
b110100 4
b110100 :
b110100 H
b110100 _
b0 -
b0 7
b0 K
b0 g
b0 D
b1 G
1&
#1870000
0&
#1875000
b11 B
1.
0/
00
01
b1111110100000100 N
b1111110100000100 m
b1111110100000100 x
b10 G
b0 ]
b0 u
b100000000000000 ^
b100000000000000 v
b11111111010000010000000000000000 w
b11111111010000010000000000000000 ~
b0 y
b0 |
b1111110100000100 \
b1111110100000100 t
b11111010000010000000000000000000 "
b11111010000010000000000000000000 2
b11111010000010000000000000000000 J
b11111010000010000000000000000000 M
b11111010000010000000000000000000 a
b1111101000001000 U
b1111101000001000 n
b0 L
b0 b
b0 S
b0 q
b1111110100000100 Z
b1111110100000100 l
1&
#1880000
0&
#1885000
b1 B
0.
b11 G
b0 Q
b0 d
b11111010000010000000000000000000 R
b11111010000010000000000000000000 c
1&
#1890000
0&
#1895000
b11000000000000000101101010000010 P
b11000000000000000101101010000010 j
b10 B
1/
10
11
b110111 3
b110111 9
b110111 I
b110111 `
b0 R
b0 c
b110101 4
b110101 :
b110101 H
b110101 _
b10000 -
b10000 7
b10000 K
b10000 g
b1 D
b1 G
1&
#1900000
0&
#1905000
b11 B
1.
0/
00
01
b0 N
b0 m
b0 x
b10 G
b101101010000010 ]
b101101010000010 u
b1100000000000000 ^
b1100000000000000 v
b0 w
b0 ~
b0 \
b0 t
b0 "
b0 2
b0 J
b0 M
b0 a
b0 U
b0 n
b0 L
b0 b
b0 S
b0 q
b0 Z
b0 l
1&
#1910000
0&
#1915000
b1 B
0.
b11 G
1&
#1920000
0&
#1925000
b1000000000000000000000000000000 P
b1000000000000000000000000000000 j
b10 B
1/
10
11
b11111000110010100000000000000000 Q
b11111000110010100000000000000000 d
b111000 8
b1110 A
b111010 3
b111010 9
b111010 I
b111010 `
b11111000110010100000000000000000 R
b11111000110010100000000000000000 c
b111000 4
b111000 :
b111000 H
b111000 _
b0 -
b0 7
b0 K
b0 g
b0 D
b1 G
1&
#1930000
0&
#1935000
b11 B
1.
0/
00
01
b1111100011001010 N
b1111100011001010 m
b1111100011001010 x
b10 G
b0 ]
b0 u
b100000000000000 ^
b100000000000000 v
b11111110001100101000000000000000 w
b11111110001100101000000000000000 ~
b0 y
b0 |
b1111100011001010 \
b1111100011001010 t
b11110001100101000000000000000000 "
b11110001100101000000000000000000 2
b11110001100101000000000000000000 J
b11110001100101000000000000000000 M
b11110001100101000000000000000000 a
b1111000110010100 U
b1111000110010100 n
b0 L
b0 b
b0 S
b0 q
b1111100011001010 Z
b1111100011001010 l
1&
#1940000
0&
#1945000
b1 B
0.
b11 G
b0 Q
b0 d
b11110001100101000000000000000000 R
b11110001100101000000000000000000 c
1&
#1950000
0&
#1955000
b11000000000000000101101010000010 P
b11000000000000000101101010000010 j
b10 B
1/
10
11
b111011 3
b111011 9
b111011 I
b111011 `
b0 R
b0 c
b111001 4
b111001 :
b111001 H
b111001 _
b10000 -
b10000 7
b10000 K
b10000 g
b1 D
b1 G
1&
#1960000
0&
#1965000
b11 B
1.
0/
00
01
b0 N
b0 m
b0 x
b10 G
b101101010000010 ]
b101101010000010 u
b1100000000000000 ^
b1100000000000000 v
b0 w
b0 ~
b0 \
b0 t
b0 "
b0 2
b0 J
b0 M
b0 a
b0 U
b0 n
b0 L
b0 b
b0 S
b0 q
b0 Z
b0 l
1&
#1970000
0&
#1975000
b1 B
0.
b11 G
1&
#1980000
0&
#1985000
b1000000000000000000000000000000 P
b1000000000000000000000000000000 j
b10 B
1/
10
11
b111001101100000000000000000 Q
b111001101100000000000000000 d
b111100 8
b1111 A
b111110 3
b111110 9
b111110 I
b111110 `
b111001101100000000000000000 R
b111001101100000000000000000 c
b111100 4
b111100 :
b111100 H
b111100 _
b0 -
b0 7
b0 K
b0 g
b0 D
b1 G
1&
#1990000
0&
#1995000
b11 B
1.
0/
00
01
b11100110110 N
b11100110110 m
b11100110110 x
b10 G
b0 ]
b0 u
b100000000000000 ^
b100000000000000 v
b1110011011000000000000000 w
b1110011011000000000000000 ~
b0 y
b0 |
b11100110110 \
b11100110110 t
b1110011011000000000000000000 "
b1110011011000000000000000000 2
b1110011011000000000000000000 J
b1110011011000000000000000000 M
b1110011011000000000000000000 a
b111001101100 U
b111001101100 n
b0 L
b0 b
b0 S
b0 q
b11100110110 Z
b11100110110 l
1&
#2000000
0&
#2005000
b1 B
0.
b11 G
b0 Q
b0 d
b1110011011000000000000000000 R
b1110011011000000000000000000 c
1&
#2010000
0&
#2015000
b11000000000000000101101010000010 P
b11000000000000000101101010000010 j
b10 B
1/
10
11
b111111 3
b111111 9
b111111 I
b111111 `
b0 R
b0 c
b111101 4
b111101 :
b111101 H
b111101 _
b10000 -
b10000 7
b10000 K
b10000 g
b1 D
b1 G
1&
#2020000
0&
#2025000
b11 B
1.
0/
00
01
b0 N
b0 m
b0 x
b10 G
b101101010000010 ]
b101101010000010 u
b1100000000000000 ^
b1100000000000000 v
b0 w
b0 ~
b0 \
b0 t
b0 "
b0 2
b0 J
b0 M
b0 a
b0 U
b0 n
b0 L
b0 b
b0 S
b0 q
b0 Z
b0 l
1&
#2030000
0&
#2035000
b1 B
0.
b11 G
1&
#2040000
0&
#2045000
b1000000000000000000000000000000 P
b1000000000000000000000000000000 j
b10 B
1/
10
11
b1000 C
b11110000011000110000000000000000 Q
b11110000011000110000000000000000 d
b100 E
b11 F
b0 8
b0 A
b100 3
b100 9
b100 I
b100 `
b1111100111100000000000000000 R
b1111100111100000000000000000 c
b0 4
b0 :
b0 H
b0 _
b0 -
b0 7
b0 K
b0 g
b0 D
b1 G
1&
#2050000
0&
#2055000
b11 B
1.
0/
00
01
b1111000001100011 N
b1111000001100011 m
b1111000001100011 x
b10 G
b0 ]
b0 u
b100000000000000 ^
b100000000000000 v
b11111100000110001100000000000000 w
b11111100000110001100000000000000 ~
b0 y
b0 |
b1111000001100011 \
b1111000001100011 t
b10000000000000000 "
b10000000000000000 2
b10000000000000000 J
b10000000000000000 M
b10000000000000000 a
b1 U
b1 n
b11111001110110000000000000000 L
b11111001110110000000000000000 b
b1111100111011 S
b1111100111011 q
b111110011110 Z
b111110011110 l
1&
#2060000
0&
#2065000
b1 B
0.
b11 G
b11111001110110000000000000000 Q
b11111001110110000000000000000 d
b10000000000000000 R
b10000000000000000 c
1&
#2070000
0&
#2075000
b100111000101001010000000000000 P
b100111000101001010000000000000 j
b10 B
1/
10
11
b11111111111111110000000000000000 Q
b11111111111111110000000000000000 d
b101 3
b101 9
b101 I
b101 `
b1 R
b1 c
b1 4
b1 :
b1 H
b1 _
b1000 -
b1000 7
b1000 K
b1000 g
b1 D
b1 G
1&
#2080000
0&
#2085000
b11 B
1.
0/
00
01
b1 O
b1 p
b1 z
b1111111111111111 N
b1111111111111111 m
b1111111111111111 x
b10 G
b110000000000000 y
b110000000000000 |
b1010000000000000 ]
b1010000000000000 u
b10011100010100 ^
b10011100010100 v
b11111111111111111101100011101100 w
b11111111111111111101100011101100 ~
b1111111111111111 \
b1111111111111111 t
b10 V
b10 o
b0 T
b0 r
b1 Y
b1 k
b11111111111111110000000000000010 "
b11111111111111110000000000000010 2
b11111111111111110000000000000010 J
b11111111111111110000000000000010 M
b11111111111111110000000000000010 a
b1111111111111111 U
b1111111111111111 n
b10000000000000000 L
b10000000000000000 b
b1 S
b1 q
b0 Z
b0 l
1&
#2090000
0&
#2095000
b1 B
0.
b11 G
b10000000000000000 Q
b10000000000000000 d
b11111111111111110000000000000010 R
b11111111111111110000000000000010 c
1&
#2100000
0&
#2105000
b11000000000000000101101010000010 P
b11000000000000000101101010000010 j
b10 B
1/
10
11
b11111111111111110000000000000000 Q
b11111111111111110000000000000000 d
b110 3
b110 9
b110 I
b110 `
b0 R
b0 c
b10 4
b10 :
b10 H
b10 _
b10000 -
b10000 7
b10000 K
b10000 g
b10 D
b1 G
1&
#2110000
0&
#2115000
b11 B
1.
0/
00
01
b1111111111111110 O
b1111111111111110 p
b1111111111111110 z
b1111111111111111 S
b1111111111111111 q
b1 U
b1 n
b1 N
b1 m
b1 x
b10 G
b11111111111111111010010101111110 y
b11111111111111111010010101111110 |
b101101010000010 ]
b101101010000010 u
b100000000000000 w
b100000000000000 ~
b1100000000000000 ^
b1100000000000000 v
b11111111111111110 "
b11111111111111110 2
b11111111111111110 J
b11111111111111110 M
b11111111111111110 a
b1111111111111110 V
b1111111111111110 o
b11111111111111110000000000000010 L
b11111111111111110000000000000010 b
b10 T
b10 r
b0 Y
b0 k
1&
#2120000
0&
#2125000
b1 B
0.
b11 G
b11111111111111110000000000000010 Q
b11111111111111110000000000000010 d
b11111111111111110 R
b11111111111111110 c
1&
#2130000
0&
#2135000
b11000001101001000101000000000000 P
b11000001101001000101000000000000 j
b10 B
1/
10
11
b11111111111111110000000000000000 Q
b11111111111111110000000000000000 d
b111 3
b111 9
b111 I
b111 `
b101111111111111111 R
b101111111111111111 c
b11 4
b11 :
b11 H
b11 _
b11000 -
b11000 7
b11000 K
b11000 g
b11 D
b1 G
1&
#2140000
0&
#2145000
b11 B
1.
0/
00
01
b0 N
b0 m
b0 x
b10 G
b11111111111111111011000000000000 y
b11111111111111111011000000000000 |
b101000000000000 ]
b101000000000000 u
b11111001011100 w
b11111001011100 ~
b1100000110100100 ^
b1100000110100100 v
b1111111111111101 V
b1111111111111101 o
b1 T
b1 r
b1111111111111111 Y
b1111111111111111 k
b101111111111111101 "
b101111111111111101 2
b101111111111111101 J
b101111111111111101 M
b101111111111111101 a
b10 U
b10 n
b100000000000000001 L
b100000000000000001 b
b10 S
b10 q
b10 Z
b10 l
1&
#2150000
0&
#2155000
b1 B
0.
b11 G
b100000000000000001 Q
b100000000000000001 d
b101111111111111101 R
b101111111111111101 c
1&
#2160000
0&
#2165000
b1000000000000000000000000000000 P
b1000000000000000000000000000000 j
b10 B
1/
10
11
b1000 8
b1 A
b0 Q
b0 d
b1100 3
b1100 9
b1100 I
b1100 `
b0 R
b0 c
b1000 4
b1000 :
b1000 H
b1000 _
b0 -
b0 7
b0 K
b0 g
b0 D
b1 G
1&
#2170000
0&
#2175000
b11 B
1.
0/
00
01
b0 O
b0 p
b0 z
b10 G
b0 ]
b0 u
b100000000000000 ^
b100000000000000 v
b0 w
b0 ~
b0 y
b0 |
b0 \
b0 t
b0 V
b0 o
b0 T
b0 r
b0 Y
b0 k
b0 "
b0 2
b0 J
b0 M
b0 a
b0 U
b0 n
b0 L
b0 b
b0 S
b0 q
b0 Z
b0 l
1&
#2180000
0&
#2185000
b1 B
0.
b11 G
1&
#2190000
0&
#2195000
b100111000101001010000000000000 P
b100111000101001010000000000000 j
b10 B
1/
10
11
b1101 3
b1101 9
b1101 I
b1101 `
b1001 4
b1001 :
b1001 H
b1001 _
b1000 -
b1000 7
b1000 K
b1000 g
b1 D
b1 G
1&
#2200000
0&
#2205000
b11 B
1.
0/
00
01
b10 G
b1010000000000000 ]
b1010000000000000 u
b10011100010100 ^
b10011100010100 v
1&
#2210000
0&
#2215000
b1 B
0.
b11 G
1&
#2220000
0&
#2225000
b11000000000000000101101010000010 P
b11000000000000000101101010000010 j
b10 B
1/
10
11
b1110 3
b1110 9
b1110 I
b1110 `
b1010 4
b1010 :
b1010 H
b1010 _
b10000 -
b10000 7
b10000 K
b10000 g
b10 D
b1 G
1&
#2230000
0&
#2235000
b11 B
1.
0/
00
01
b10 G
b101101010000010 ]
b101101010000010 u
b1100000000000000 ^
b1100000000000000 v
1&
#2240000
0&
#2245000
b1 B
0.
b11 G
1&
#2250000
0&
#2255000
b11000001101001000101000000000000 P
b11000001101001000101000000000000 j
b10 B
1/
10
11
b1111 3
b1111 9
b1111 I
b1111 `
b1011 4
b1011 :
b1011 H
b1011 _
b11000 -
b11000 7
b11000 K
b11000 g
b11 D
b1 G
1&
#2260000
0&
#2265000
b11 B
1.
0/
00
01
b10 G
b101000000000000 ]
b101000000000000 u
b1100000110100100 ^
b1100000110100100 v
1&
#2270000
0&
#2275000
b1 B
0.
b11 G
1&
#2280000
0&
#2285000
b1000000000000000000000000000000 P
b1000000000000000000000000000000 j
b10 B
1/
10
11
b11110100111101000000000000000000 Q
b11110100111101000000000000000000 d
b1011000011000000000000000000 R
b1011000011000000000000000000 c
b10000 8
b10 A
b10100 3
b10100 9
b10100 I
b10100 `
b10000 4
b10000 :
b10000 H
b10000 _
b0 -
b0 7
b0 K
b0 g
b0 D
b1 G
1&
#2290000
0&
#2295000
b11 B
1.
0/
00
01
b1111010011110100 N
b1111010011110100 m
b1111010011110100 x
b10 G
b0 ]
b0 u
b100000000000000 ^
b100000000000000 v
b11111101001111010000000000000000 w
b11111101001111010000000000000000 ~
b0 y
b0 |
b1111010011110100 \
b1111010011110100 t
b0 "
b0 2
b0 J
b0 M
b0 a
b0 U
b0 n
b10110000110000000000000000000 L
b10110000110000000000000000000 b
b1011000011000 S
b1011000011000 q
b101100001100 Z
b101100001100 l
1&
#2300000
0&
#2305000
b1 B
0.
b11 G
b10110000110000000000000000000 Q
b10110000110000000000000000000 d
b0 R
b0 c
1&
#2310000
0&
#2315000
b100111000101001010000000000000 P
b100111000101001010000000000000 j
b10 B
1/
10
11
b0 Q
b0 d
b10101 3
b10101 9
b10101 I
b10101 `
b10001 4
b10001 :
b10001 H
b10001 _
b1000 -
b1000 7
b1000 K
b1000 g
b1 D
b1 G
1&
#2320000
0&
#2325000
b11 B
1.
0/
00
01
b0 N
b0 m
b0 x
b10 G
b1010000000000000 ]
b1010000000000000 u
b10011100010100 ^
b10011100010100 v
b0 w
b0 ~
b0 \
b0 t
b0 "
b0 2
b0 J
b0 M
b0 a
b0 U
b0 n
b0 L
b0 b
b0 S
b0 q
b0 Z
b0 l
1&
#2330000
0&
#2335000
b1 B
0.
b11 G
1&
#2340000
0&
#2345000
b11000000000000000101101010000010 P
b11000000000000000101101010000010 j
b10 B
1/
10
11
b10110 3
b10110 9
b10110 I
b10110 `
b10010 4
b10010 :
b10010 H
b10010 _
b10000 -
b10000 7
b10000 K
b10000 g
b10 D
b1 G
1&
#2350000
0&
#2355000
b11 B
1.
0/
00
01
b10 G
b101101010000010 ]
b101101010000010 u
b1100000000000000 ^
b1100000000000000 v
1&
#2360000
0&
#2365000
b1 B
0.
b11 G
1&
#2370000
0&
#2375000
b11000001101001000101000000000000 P
b11000001101001000101000000000000 j
b10 B
1/
10
11
b10111 3
b10111 9
b10111 I
b10111 `
b10011 4
b10011 :
b10011 H
b10011 _
b11000 -
b11000 7
b11000 K
b11000 g
b11 D
b1 G
1&
#2380000
0&
#2385000
b11 B
1.
0/
00
01
b10 G
b101000000000000 ]
b101000000000000 u
b1100000110100100 ^
b1100000110100100 v
1&
#2390000
0&
#2395000
b1 B
0.
b11 G
1&
#2400000
0&
#2405000
b1000000000000000000000000000000 P
b1000000000000000000000000000000 j
b10 B
1/
10
11
b11110100111101000000000000000000 R
b11110100111101000000000000000000 c
b11000 8
b11 A
b1011000011000000000000000000 Q
b1011000011000000000000000000 d
b11100 3
b11100 9
b11100 I
b11100 `
b11000 4
b11000 :
b11000 H
b11000 _
b0 -
b0 7
b0 K
b0 g
b0 D
b1 G
1&
#2410000
0&
#2415000
b11 B
1.
0/
00
01
b101100001100 N
b101100001100 m
b101100001100 x
b10 G
b0 ]
b0 u
b100000000000000 ^
b100000000000000 v
b10110000110000000000000000 w
b10110000110000000000000000 ~
b0 y
b0 |
b101100001100 \
b101100001100 t
b0 "
b0 2
b0 J
b0 M
b0 a
b0 U
b0 n
b11101001111010000000000000000000 L
b11101001111010000000000000000000 b
b1110100111101000 S
b1110100111101000 q
b1111010011110100 Z
b1111010011110100 l
1&
#2420000
0&
#2425000
b1 B
0.
b11 G
b11101001111010000000000000000000 Q
b11101001111010000000000000000000 d
b0 R
b0 c
1&
#2430000
0&
#2435000
b100111000101001010000000000000 P
b100111000101001010000000000000 j
b10 B
1/
10
11
b0 Q
b0 d
b11101 3
b11101 9
b11101 I
b11101 `
b11001 4
b11001 :
b11001 H
b11001 _
b1000 -
b1000 7
b1000 K
b1000 g
b1 D
b1 G
1&
#2440000
0&
#2445000
b11 B
1.
0/
00
01
b0 N
b0 m
b0 x
b10 G
b1010000000000000 ]
b1010000000000000 u
b10011100010100 ^
b10011100010100 v
b0 w
b0 ~
b0 \
b0 t
b0 "
b0 2
b0 J
b0 M
b0 a
b0 U
b0 n
b0 L
b0 b
b0 S
b0 q
b0 Z
b0 l
1&
#2450000
0&
#2455000
b1 B
0.
b11 G
1&
#2460000
0&
#2465000
b11000000000000000101101010000010 P
b11000000000000000101101010000010 j
b10 B
1/
10
11
b11110 3
b11110 9
b11110 I
b11110 `
b11010 4
b11010 :
b11010 H
b11010 _
b10000 -
b10000 7
b10000 K
b10000 g
b10 D
b1 G
1&
#2470000
0&
#2475000
b11 B
1.
0/
00
01
b10 G
b101101010000010 ]
b101101010000010 u
b1100000000000000 ^
b1100000000000000 v
1&
#2480000
0&
#2485000
b1 B
0.
b11 G
1&
#2490000
0&
#2495000
b11000001101001000101000000000000 P
b11000001101001000101000000000000 j
b10 B
1/
10
11
b11111 3
b11111 9
b11111 I
b11111 `
b11011 4
b11011 :
b11011 H
b11011 _
b11000 -
b11000 7
b11000 K
b11000 g
b11 D
b1 G
1&
#2500000
0&
#2505000
b11 B
1.
0/
00
01
b10 G
b101000000000000 ]
b101000000000000 u
b1100000110100100 ^
b1100000110100100 v
1&
#2510000
0&
#2515000
b1 B
0.
b11 G
1&
#2520000
0&
#2525000
b1000000000000000000000000000000 P
b1000000000000000000000000000000 j
b10 B
1/
10
11
b1110011011000000000000000000 R
b1110011011000000000000000000 c
b100000 8
b100 A
b11110001100101000000000000000000 Q
b11110001100101000000000000000000 d
b100100 3
b100100 9
b100100 I
b100100 `
b100000 4
b100000 :
b100000 H
b100000 _
b0 -
b0 7
b0 K
b0 g
b0 D
b1 G
1&
#2530000
0&
#2535000
b11 B
1.
0/
00
01
b1111000110010100 N
b1111000110010100 m
b1111000110010100 x
b10 G
b0 ]
b0 u
b100000000000000 ^
b100000000000000 v
b11111100011001010000000000000000 w
b11111100011001010000000000000000 ~
b0 y
b0 |
b1111000110010100 \
b1111000110010100 t
b0 "
b0 2
b0 J
b0 M
b0 a
b0 U
b0 n
b11100110110000000000000000000 L
b11100110110000000000000000000 b
b1110011011000 S
b1110011011000 q
b111001101100 Z
b111001101100 l
1&
#2540000
0&
#2545000
b1 B
0.
b11 G
b11100110110000000000000000000 Q
b11100110110000000000000000000 d
b0 R
b0 c
1&
#2550000
0&
#2555000
b100111000101001010000000000000 P
b100111000101001010000000000000 j
b10 B
1/
10
11
b0 Q
b0 d
b100101 3
b100101 9
b100101 I
b100101 `
b100001 4
b100001 :
b100001 H
b100001 _
b1000 -
b1000 7
b1000 K
b1000 g
b1 D
b1 G
1&
#2560000
0&
#2565000
b11 B
1.
0/
00
01
b0 N
b0 m
b0 x
b10 G
b1010000000000000 ]
b1010000000000000 u
b10011100010100 ^
b10011100010100 v
b0 w
b0 ~
b0 \
b0 t
b0 "
b0 2
b0 J
b0 M
b0 a
b0 U
b0 n
b0 L
b0 b
b0 S
b0 q
b0 Z
b0 l
1&
#2570000
0&
#2575000
b1 B
0.
b11 G
1&
#2580000
0&
#2585000
b11000000000000000101101010000010 P
b11000000000000000101101010000010 j
b10 B
1/
10
11
b100110 3
b100110 9
b100110 I
b100110 `
b100010 4
b100010 :
b100010 H
b100010 _
b10000 -
b10000 7
b10000 K
b10000 g
b10 D
b1 G
1&
#2590000
0&
#2595000
b11 B
1.
0/
00
01
b10 G
b101101010000010 ]
b101101010000010 u
b1100000000000000 ^
b1100000000000000 v
1&
#2600000
0&
#2605000
b1 B
0.
b11 G
1&
#2610000
0&
#2615000
b11000001101001000101000000000000 P
b11000001101001000101000000000000 j
b10 B
1/
10
11
b100111 3
b100111 9
b100111 I
b100111 `
b100011 4
b100011 :
b100011 H
b100011 _
b11000 -
b11000 7
b11000 K
b11000 g
b11 D
b1 G
1&
#2620000
0&
#2625000
b11 B
1.
0/
00
01
b10 G
b101000000000000 ]
b101000000000000 u
b1100000110100100 ^
b1100000110100100 v
1&
#2630000
0&
#2635000
b1 B
0.
b11 G
1&
#2640000
0&
#2645000
b1000000000000000000000000000000 P
b1000000000000000000000000000000 j
b10 B
1/
10
11
b11111010000010000000000000000000 R
b11111010000010000000000000000000 c
b101000 8
b101 A
b101111110000000000000000000 Q
b101111110000000000000000000 d
b101100 3
b101100 9
b101100 I
b101100 `
b101000 4
b101000 :
b101000 H
b101000 _
b0 -
b0 7
b0 K
b0 g
b0 D
b1 G
1&
#2650000
0&
#2655000
b11 B
1.
0/
00
01
b10111111000 N
b10111111000 m
b10111111000 x
b10 G
b0 ]
b0 u
b100000000000000 ^
b100000000000000 v
b1011111100000000000000000 w
b1011111100000000000000000 ~
b0 y
b0 |
b10111111000 \
b10111111000 t
b0 "
b0 2
b0 J
b0 M
b0 a
b0 U
b0 n
b11110100000100000000000000000000 L
b11110100000100000000000000000000 b
b1111010000010000 S
b1111010000010000 q
b1111101000001000 Z
b1111101000001000 l
1&
#2660000
0&
#2665000
b1 B
0.
b11 G
b11110100000100000000000000000000 Q
b11110100000100000000000000000000 d
b0 R
b0 c
1&
#2670000
0&
#2675000
b100111000101001010000000000000 P
b100111000101001010000000000000 j
b10 B
1/
10
11
b0 Q
b0 d
b101101 3
b101101 9
b101101 I
b101101 `
b101001 4
b101001 :
b101001 H
b101001 _
b1000 -
b1000 7
b1000 K
b1000 g
b1 D
b1 G
1&
#2680000
0&
#2685000
b11 B
1.
0/
00
01
b0 N
b0 m
b0 x
b10 G
b1010000000000000 ]
b1010000000000000 u
b10011100010100 ^
b10011100010100 v
b0 w
b0 ~
b0 \
b0 t
b0 "
b0 2
b0 J
b0 M
b0 a
b0 U
b0 n
b0 L
b0 b
b0 S
b0 q
b0 Z
b0 l
1&
#2690000
0&
#2695000
b1 B
0.
b11 G
1&
#2700000
0&
#2705000
b11000000000000000101101010000010 P
b11000000000000000101101010000010 j
b10 B
1/
10
11
b101110 3
b101110 9
b101110 I
b101110 `
b101010 4
b101010 :
b101010 H
b101010 _
b10000 -
b10000 7
b10000 K
b10000 g
b10 D
b1 G
1&
#2710000
0&
#2715000
b11 B
1.
0/
00
01
b10 G
b101101010000010 ]
b101101010000010 u
b1100000000000000 ^
b1100000000000000 v
1&
#2720000
0&
#2725000
b1 B
0.
b11 G
1&
#2730000
0&
#2735000
b11000001101001000101000000000000 P
b11000001101001000101000000000000 j
b10 B
1/
10
11
b101111 3
b101111 9
b101111 I
b101111 `
b101011 4
b101011 :
b101011 H
b101011 _
b11000 -
b11000 7
b11000 K
b11000 g
b11 D
b1 G
1&
#2740000
0&
#2745000
b11 B
1.
0/
00
01
b10 G
b101000000000000 ]
b101000000000000 u
b1100000110100100 ^
b1100000110100100 v
1&
#2750000
0&
#2755000
b1 B
0.
b11 G
1&
#2760000
0&
#2765000
b1000000000000000000000000000000 P
b1000000000000000000000000000000 j
b10 B
1/
10
11
b101111110000000000000000000 R
b101111110000000000000000000 c
b110000 8
b110 A
b11111010000010000000000000000000 Q
b11111010000010000000000000000000 d
b110100 3
b110100 9
b110100 I
b110100 `
b110000 4
b110000 :
b110000 H
b110000 _
b0 -
b0 7
b0 K
b0 g
b0 D
b1 G
1&
#2770000
0&
#2775000
b11 B
1.
0/
00
01
b1111101000001000 N
b1111101000001000 m
b1111101000001000 x
b10 G
b0 ]
b0 u
b100000000000000 ^
b100000000000000 v
b11111110100000100000000000000000 w
b11111110100000100000000000000000 ~
b0 y
b0 |
b1111101000001000 \
b1111101000001000 t
b0 "
b0 2
b0 J
b0 M
b0 a
b0 U
b0 n
b1011111100000000000000000000 L
b1011111100000000000000000000 b
b101111110000 S
b101111110000 q
b10111111000 Z
b10111111000 l
1&
#2780000
0&
#2785000
b1 B
0.
b11 G
b1011111100000000000000000000 Q
b1011111100000000000000000000 d
b0 R
b0 c
1&
#2790000
0&
#2795000
b100111000101001010000000000000 P
b100111000101001010000000000000 j
b10 B
1/
10
11
b0 Q
b0 d
b110101 3
b110101 9
b110101 I
b110101 `
b110001 4
b110001 :
b110001 H
b110001 _
b1000 -
b1000 7
b1000 K
b1000 g
b1 D
b1 G
1&
#2800000
0&
#2805000
b11 B
1.
0/
00
01
b0 N
b0 m
b0 x
b10 G
b1010000000000000 ]
b1010000000000000 u
b10011100010100 ^
b10011100010100 v
b0 w
b0 ~
b0 \
b0 t
b0 "
b0 2
b0 J
b0 M
b0 a
b0 U
b0 n
b0 L
b0 b
b0 S
b0 q
b0 Z
b0 l
1&
#2810000
0&
#2815000
b1 B
0.
b11 G
1&
#2820000
0&
#2825000
b11000000000000000101101010000010 P
b11000000000000000101101010000010 j
b10 B
1/
10
11
b110110 3
b110110 9
b110110 I
b110110 `
b110010 4
b110010 :
b110010 H
b110010 _
b10000 -
b10000 7
b10000 K
b10000 g
b10 D
b1 G
1&
#2830000
0&
#2835000
b11 B
1.
0/
00
01
b10 G
b101101010000010 ]
b101101010000010 u
b1100000000000000 ^
b1100000000000000 v
1&
#2840000
0&
#2845000
b1 B
0.
b11 G
1&
#2850000
0&
#2855000
b11000001101001000101000000000000 P
b11000001101001000101000000000000 j
b10 B
1/
10
11
b110111 3
b110111 9
b110111 I
b110111 `
b110011 4
b110011 :
b110011 H
b110011 _
b11000 -
b11000 7
b11000 K
b11000 g
b11 D
b1 G
1&
#2860000
0&
#2865000
b11 B
1.
0/
00
01
b10 G
b101000000000000 ]
b101000000000000 u
b1100000110100100 ^
b1100000110100100 v
1&
#2870000
0&
#2875000
b1 B
0.
b11 G
1&
#2880000
0&
#2885000
b1000000000000000000000000000000 P
b1000000000000000000000000000000 j
b10 B
1/
10
11
b11110001100101000000000000000000 R
b11110001100101000000000000000000 c
b111000 8
b111 A
b1110011011000000000000000000 Q
b1110011011000000000000000000 d
b111100 3
b111100 9
b111100 I
b111100 `
b111000 4
b111000 :
b111000 H
b111000 _
b0 -
b0 7
b0 K
b0 g
b0 D
b1 G
1&
#2890000
0&
#2895000
b11 B
1.
0/
00
01
b111001101100 N
b111001101100 m
b111001101100 x
b10 G
b0 ]
b0 u
b100000000000000 ^
b100000000000000 v
b11100110110000000000000000 w
b11100110110000000000000000 ~
b0 y
b0 |
b111001101100 \
b111001101100 t
b0 "
b0 2
b0 J
b0 M
b0 a
b0 U
b0 n
b11100011001010000000000000000000 L
b11100011001010000000000000000000 b
b1110001100101000 S
b1110001100101000 q
b1111000110010100 Z
b1111000110010100 l
1&
#2900000
0&
#2905000
b1 B
0.
b11 G
b11100011001010000000000000000000 Q
b11100011001010000000000000000000 d
b0 R
b0 c
1&
#2910000
0&
#2915000
b100111000101001010000000000000 P
b100111000101001010000000000000 j
b10 B
1/
10
11
b0 Q
b0 d
b111101 3
b111101 9
b111101 I
b111101 `
b111001 4
b111001 :
b111001 H
b111001 _
b1000 -
b1000 7
b1000 K
b1000 g
b1 D
b1 G
1&
#2920000
0&
#2925000
b11 B
1.
0/
00
01
b0 N
b0 m
b0 x
b10 G
b1010000000000000 ]
b1010000000000000 u
b10011100010100 ^
b10011100010100 v
b0 w
b0 ~
b0 \
b0 t
b0 "
b0 2
b0 J
b0 M
b0 a
b0 U
b0 n
b0 L
b0 b
b0 S
b0 q
b0 Z
b0 l
1&
#2930000
0&
#2935000
b1 B
0.
b11 G
1&
#2940000
0&
#2945000
b11000000000000000101101010000010 P
b11000000000000000101101010000010 j
b10 B
1/
10
11
b111110 3
b111110 9
b111110 I
b111110 `
b111010 4
b111010 :
b111010 H
b111010 _
b10000 -
b10000 7
b10000 K
b10000 g
b10 D
b1 G
1&
#2950000
0&
#2955000
b11 B
1.
0/
00
01
b10 G
b101101010000010 ]
b101101010000010 u
b1100000000000000 ^
b1100000000000000 v
1&
#2960000
0&
#2965000
b1 B
0.
b11 G
1&
#2970000
0&
#2975000
b11000001101001000101000000000000 P
b11000001101001000101000000000000 j
b10 B
1/
10
11
b111111 3
b111111 9
b111111 I
b111111 `
b111011 4
b111011 :
b111011 H
b111011 _
b11000 -
b11000 7
b11000 K
b11000 g
b11 D
b1 G
1&
#2980000
0&
#2985000
b11 B
1.
0/
00
01
b10 G
b101000000000000 ]
b101000000000000 u
b1100000110100100 ^
b1100000110100100 v
1&
#2990000
0&
#2995000
b1 B
0.
b11 G
1&
#3000000
0&
#3005000
b1000000000000000000000000000000 P
b1000000000000000000000000000000 j
b10 B
1/
10
11
b100 C
b1000 E
b100 F
b10000000000000000 R
b10000000000000000 c
b0 8
b0 A
b0 Q
b0 d
b1000 3
b1000 9
b1000 I
b1000 `
b0 4
b0 :
b0 H
b0 _
b0 -
b0 7
b0 K
b0 g
b0 D
b1 G
1&
#3010000
0&
#3015000
b11 B
1.
0/
00
01
b10 G
b0 ]
b0 u
b100000000000000 ^
b100000000000000 v
b10000000000000000 "
b10000000000000000 2
b10000000000000000 J
b10000000000000000 M
b10000000000000000 a
b1 U
b1 n
b10000000000000000 L
b10000000000000000 b
b1 S
b1 q
b1 Z
b1 l
1&
#3020000
0&
#3025000
b1 B
0.
b11 G
b10000000000000000 Q
b10000000000000000 d
1&
#3030000
0&
#3035000
b111001100011001100111010111100 P
b111001100011001100111010111100 j
b10 B
1/
10
11
b0 Q
b0 d
b1001 3
b1001 9
b1001 I
b1001 `
b11111111111111110000000000000010 R
b11111111111111110000000000000010 c
b1 4
b1 :
b1 H
b1 _
b100 -
b100 7
b100 K
b100 g
b1 D
b1 G
1&
#3040000
0&
#3045000
b11 B
1.
0/
00
01
b10 G
b1100111010111100 ]
b1100111010111100 u
b11100110001100 ^
b11100110001100 v
b10 V
b10 o
b10 T
b10 r
b10 Y
b10 k
b11111111111111110000000000000010 "
b11111111111111110000000000000010 2
b11111111111111110000000000000010 J
b11111111111111110000000000000010 M
b11111111111111110000000000000010 a
b1111111111111111 U
b1111111111111111 n
b11111111111111110000000000000010 L
b11111111111111110000000000000010 b
b1111111111111111 S
b1111111111111111 q
b1111111111111111 Z
b1111111111111111 l
1&
#3050000
0&
#3055000
b1 B
0.
b11 G
b11111111111111110000000000000010 Q
b11111111111111110000000000000010 d
1&
#3060000
0&
#3065000
b100111000101001010000000000000 P
b100111000101001010000000000000 j
b10 B
1/
10
11
b0 Q
b0 d
b1010 3
b1010 9
b1010 I
b1010 `
b11111111111111110 R
b11111111111111110 c
b10 4
b10 :
b10 H
b10 _
b1000 -
b1000 7
b1000 K
b1000 g
b10 D
b1 G
1&
#3070000
0&
#3075000
b11 B
1.
0/
00
01
b10 G
b1010000000000000 ]
b1010000000000000 u
b10011100010100 ^
b10011100010100 v
b1111111111111110 V
b1111111111111110 o
b1111111111111110 T
b1111111111111110 r
b1111111111111110 Y
b1111111111111110 k
b11111111111111110 "
b11111111111111110 2
b11111111111111110 J
b11111111111111110 M
b11111111111111110 a
b1 U
b1 n
b11111111111111110 L
b11111111111111110 b
b1 S
b1 q
b1 Z
b1 l
1&
#3080000
0&
#3085000
b1 B
0.
b11 G
b11111111111111110 Q
b11111111111111110 d
1&
#3090000
0&
#3095000
b1011010001100111011110010101 P
b1011010001100111011110010101 j
b10 B
1/
10
11
b0 Q
b0 d
b1011 3
b1011 9
b1011 I
b1011 `
b101111111111111101 R
b101111111111111101 c
b11 4
b11 :
b11 H
b11 _
b1100 -
b1100 7
b1100 K
b1100 g
b11 D
b1 G
1&
#3100000
0&
#3105000
b11 B
1.
0/
00
01
b10 G
b111011110010101 ]
b111011110010101 u
b101101000110 ^
b101101000110 v
b1111111111111101 V
b1111111111111101 o
b1111111111111101 T
b1111111111111101 r
b1111111111111101 Y
b1111111111111101 k
b101111111111111101 "
b101111111111111101 2
b101111111111111101 J
b101111111111111101 M
b101111111111111101 a
b10 U
b10 n
b101111111111111101 L
b101111111111111101 b
b10 S
b10 q
b10 Z
b10 l
1&
#3110000
0&
#3115000
b1 B
0.
b11 G
b101111111111111101 Q
b101111111111111101 d
1&
#3120000
0&
#3125000
b11000000000000000101101010000010 P
b11000000000000000101101010000010 j
b10 B
1/
10
11
b0 Q
b0 d
b1100 3
b1100 9
b1100 I
b1100 `
b11111001110110000000000000000 R
b11111001110110000000000000000 c
b100 4
b100 :
b100 H
b100 _
b10000 -
b10000 7
b10000 K
b10000 g
b100 D
b1 G
1&
#3130000
0&
#3135000
b11 B
1.
0/
00
01
b10 G
b101101010000010 ]
b101101010000010 u
b1100000000000000 ^
b1100000000000000 v
b0 V
b0 o
b0 T
b0 r
b0 Y
b0 k
b11111001110110000000000000000 "
b11111001110110000000000000000 2
b11111001110110000000000000000 J
b11111001110110000000000000000 M
b11111001110110000000000000000 a
b1111100111011 U
b1111100111011 n
b11111001110110000000000000000 L
b11111001110110000000000000000 b
b1111100111011 S
b1111100111011 q
b1111100111011 Z
b1111100111011 l
1&
#3140000
0&
#3145000
b1 B
0.
b11 G
b11111001110110000000000000000 Q
b11111001110110000000000000000 d
1&
#3150000
0&
#3155000
b11011110000101011010000001110000 P
b11011110000101011010000001110000 j
b10 B
1/
10
11
b0 Q
b0 d
b1101 3
b1101 9
b1101 I
b1101 `
b10000000000000000 R
b10000000000000000 c
b101 4
b101 :
b101 H
b101 _
b10100 -
b10100 7
b10100 K
b10100 g
b101 D
b1 G
1&
#3160000
0&
#3165000
b11 B
1.
0/
00
01
b10 G
b1010000001110000 ]
b1010000001110000 u
b1101111000010101 ^
b1101111000010101 v
b10000000000000000 "
b10000000000000000 2
b10000000000000000 J
b10000000000000000 M
b10000000000000000 a
b1 U
b1 n
b10000000000000000 L
b10000000000000000 b
b1 S
b1 q
b1 Z
b1 l
1&
#3170000
0&
#3175000
b1 B
0.
b11 G
b10000000000000000 Q
b10000000000000000 d
1&
#3180000
0&
#3185000
b11000001101001000101000000000000 P
b11000001101001000101000000000000 j
b10 B
1/
10
11
b0 Q
b0 d
b1110 3
b1110 9
b1110 I
b1110 `
b11111111111111110000000000000010 R
b11111111111111110000000000000010 c
b110 4
b110 :
b110 H
b110 _
b11000 -
b11000 7
b11000 K
b11000 g
b110 D
b1 G
1&
#3190000
0&
#3195000
b11 B
1.
0/
00
01
b10 G
b101000000000000 ]
b101000000000000 u
b1100000110100100 ^
b1100000110100100 v
b10 V
b10 o
b10 T
b10 r
b10 Y
b10 k
b11111111111111110000000000000010 "
b11111111111111110000000000000010 2
b11111111111111110000000000000010 J
b11111111111111110000000000000010 M
b11111111111111110000000000000010 a
b1111111111111111 U
b1111111111111111 n
b11111111111111110000000000000010 L
b11111111111111110000000000000010 b
b1111111111111111 S
b1111111111111111 q
b1111111111111111 Z
b1111111111111111 l
1&
#3200000
0&
#3205000
b1 B
0.
b11 G
b11111111111111110000000000000010 Q
b11111111111111110000000000000010 d
1&
#3210000
0&
#3215000
b10101110011111010001010100101000 P
b10101110011111010001010100101000 j
b10 B
1/
10
11
b0 Q
b0 d
b1111 3
b1111 9
b1111 I
b1111 `
b100000000000000001 R
b100000000000000001 c
b111 4
b111 :
b111 H
b111 _
b11100 -
b11100 7
b11100 K
b11100 g
b111 D
b1 G
1&
#3220000
0&
#3225000
b11 B
1.
0/
00
01
b10 G
b1010100101000 ]
b1010100101000 u
b1010111001111101 ^
b1010111001111101 v
b1 V
b1 o
b1 T
b1 r
b1 Y
b1 k
b100000000000000001 "
b100000000000000001 2
b100000000000000001 J
b100000000000000001 M
b100000000000000001 a
b10 U
b10 n
b100000000000000001 L
b100000000000000001 b
b10 S
b10 q
b10 Z
b10 l
1&
#3230000
0&
#3235000
b1 B
0.
b11 G
b100000000000000001 Q
b100000000000000001 d
1&
#3240000
0&
#3245000
b1000000000000000000000000000000 P
b1000000000000000000000000000000 j
b10 B
1/
10
11
b10000 8
b1 A
b0 Q
b0 d
b11000 3
b11000 9
b11000 I
b11000 `
b0 R
b0 c
b10000 4
b10000 :
b10000 H
b10000 _
b0 -
b0 7
b0 K
b0 g
b0 D
b1 G
1&
#3250000
0&
#3255000
b11 B
1.
0/
00
01
b10 G
b0 ]
b0 u
b100000000000000 ^
b100000000000000 v
b0 V
b0 o
b0 T
b0 r
b0 Y
b0 k
b0 "
b0 2
b0 J
b0 M
b0 a
b0 U
b0 n
b0 L
b0 b
b0 S
b0 q
b0 Z
b0 l
1&
#3260000
0&
#3265000
b1 B
0.
b11 G
1&
#3270000
0&
#3275000
b111001100011001100111010111100 P
b111001100011001100111010111100 j
b10 B
1/
10
11
b11001 3
b11001 9
b11001 I
b11001 `
b10001 4
b10001 :
b10001 H
b10001 _
b100 -
b100 7
b100 K
b100 g
b1 D
b1 G
1&
#3280000
0&
#3285000
b11 B
1.
0/
00
01
b10 G
b1100111010111100 ]
b1100111010111100 u
b11100110001100 ^
b11100110001100 v
1&
#3290000
0&
#3295000
b1 B
0.
b11 G
1&
#3300000
0&
#3305000
b100111000101001010000000000000 P
b100111000101001010000000000000 j
b10 B
1/
10
11
b11010 3
b11010 9
b11010 I
b11010 `
b10010 4
b10010 :
b10010 H
b10010 _
b1000 -
b1000 7
b1000 K
b1000 g
b10 D
b1 G
1&
#3310000
0&
#3315000
b11 B
1.
0/
00
01
b10 G
b1010000000000000 ]
b1010000000000000 u
b10011100010100 ^
b10011100010100 v
1&
#3320000
0&
#3325000
b1 B
0.
b11 G
1&
#3330000
0&
#3335000
b1011010001100111011110010101 P
b1011010001100111011110010101 j
b10 B
1/
10
11
b11011 3
b11011 9
b11011 I
b11011 `
b10011 4
b10011 :
b10011 H
b10011 _
b1100 -
b1100 7
b1100 K
b1100 g
b11 D
b1 G
1&
#3340000
0&
#3345000
b11 B
1.
0/
00
01
b10 G
b111011110010101 ]
b111011110010101 u
b101101000110 ^
b101101000110 v
1&
#3350000
0&
#3355000
b1 B
0.
b11 G
1&
#3360000
0&
#3365000
b11000000000000000101101010000010 P
b11000000000000000101101010000010 j
b10 B
1/
10
11
b11101001111010000000000000000000 Q
b11101001111010000000000000000000 d
b11100 3
b11100 9
b11100 I
b11100 `
b10110000110000000000000000000 R
b10110000110000000000000000000 c
b10100 4
b10100 :
b10100 H
b10100 _
b10000 -
b10000 7
b10000 K
b10000 g
b100 D
b1 G
1&
#3370000
0&
#3375000
b11 B
1.
0/
00
01
b1011000011000 N
b1011000011000 m
b1011000011000 x
b1111100111111 T
b1111100111111 r
b1110000011000001 V
b1110000011000001 o
b1110000011000001 O
b1110000011000001 p
b1110000011000001 z
b10 G
b101101010000010 ]
b101101010000010 u
b1100000000000000 ^
b1100000000000000 v
b101100001100000000000000000 w
b101100001100000000000000000 ~
b11111000001100000101011111010000 y
b11111000001100000101011111010000 |
b1110100111101000 \
b1110100111101000 t
b101100001100001110000011000001 "
b101100001100001110000011000001 2
b101100001100001110000011000001 J
b101100001100001110000011000001 M
b101100001100001110000011000001 a
b10110000110000 U
b10110000110000 n
b1111100111111 L
b1111100111111 b
b0 S
b0 q
b1011000011000 Z
b1011000011000 l
1&
#3380000
0&
#3385000
b1 B
0.
b11 G
b1111100111111 Q
b1111100111111 d
b101100001100001110000011000001 R
b101100001100001110000011000001 c
1&
#3390000
0&
#3395000
b11011110000101011010000001110000 P
b11011110000101011010000001110000 j
b10 B
1/
10
11
b0 Q
b0 d
b11101 3
b11101 9
b11101 I
b11101 `
b0 R
b0 c
b10101 4
b10101 :
b10101 H
b10101 _
b10100 -
b10100 7
b10100 K
b10100 g
b101 D
b1 G
1&
#3400000
0&
#3405000
b11 B
1.
0/
00
01
b0 N
b0 m
b0 x
b0 T
b0 r
b0 V
b0 o
b0 O
b0 p
b0 z
b10 G
b1010000001110000 ]
b1010000001110000 u
b1101111000010101 ^
b1101111000010101 v
b0 w
b0 ~
b0 y
b0 |
b0 \
b0 t
b0 "
b0 2
b0 J
b0 M
b0 a
b0 U
b0 n
b0 L
b0 b
b0 S
b0 q
b0 Z
b0 l
1&
#3410000
0&
#3415000
b1 B
0.
b11 G
1&
#3420000
0&
#3425000
b11000001101001000101000000000000 P
b11000001101001000101000000000000 j
b10 B
1/
10
11
b11110 3
b11110 9
b11110 I
b11110 `
b10110 4
b10110 :
b10110 H
b10110 _
b11000 -
b11000 7
b11000 K
b11000 g
b110 D
b1 G
1&
#3430000
0&
#3435000
b11 B
1.
0/
00
01
b10 G
b101000000000000 ]
b101000000000000 u
b1100000110100100 ^
b1100000110100100 v
1&
#3440000
0&
#3445000
b1 B
0.
b11 G
1&
#3450000
0&
#3455000
b10101110011111010001010100101000 P
b10101110011111010001010100101000 j
b10 B
1/
10
11
b11111 3
b11111 9
b11111 I
b11111 `
b10111 4
b10111 :
b10111 H
b10111 _
b11100 -
b11100 7
b11100 K
b11100 g
b111 D
b1 G
1&
#3460000
0&
#3465000
b11 B
1.
0/
00
01
b10 G
b1010100101000 ]
b1010100101000 u
b1010111001111101 ^
b1010111001111101 v
1&
#3470000
0&
#3475000
b1 B
0.
b11 G
1&
#3480000
0&
#3485000
b1000000000000000000000000000000 P
b1000000000000000000000000000000 j
b10 B
1/
10
11
b100000 8
b10 A
b101000 3
b101000 9
b101000 I
b101000 `
b100000 4
b100000 :
b100000 H
b100000 _
b0 -
b0 7
b0 K
b0 g
b0 D
b1 G
1&
#3490000
0&
#3495000
b11 B
1.
0/
00
01
b10 G
b0 ]
b0 u
b100000000000000 ^
b100000000000000 v
1&
#3500000
0&
#3505000
b1 B
0.
b11 G
1&
#3510000
0&
#3515000
b111001100011001100111010111100 P
b111001100011001100111010111100 j
b10 B
1/
10
11
b101001 3
b101001 9
b101001 I
b101001 `
b100001 4
b100001 :
b100001 H
b100001 _
b100 -
b100 7
b100 K
b100 g
b1 D
b1 G
1&
#3520000
0&
#3525000
b11 B
1.
0/
00
01
b10 G
b1100111010111100 ]
b1100111010111100 u
b11100110001100 ^
b11100110001100 v
1&
#3530000
0&
#3535000
b1 B
0.
b11 G
1&
#3540000
0&
#3545000
b100111000101001010000000000000 P
b100111000101001010000000000000 j
b10 B
1/
10
11
b101010 3
b101010 9
b101010 I
b101010 `
b100010 4
b100010 :
b100010 H
b100010 _
b1000 -
b1000 7
b1000 K
b1000 g
b10 D
b1 G
1&
#3550000
0&
#3555000
b11 B
1.
0/
00
01
b10 G
b1010000000000000 ]
b1010000000000000 u
b10011100010100 ^
b10011100010100 v
1&
#3560000
0&
#3565000
b1 B
0.
b11 G
1&
#3570000
0&
#3575000
b1011010001100111011110010101 P
b1011010001100111011110010101 j
b10 B
1/
10
11
b101011 3
b101011 9
b101011 I
b101011 `
b100011 4
b100011 :
b100011 H
b100011 _
b1100 -
b1100 7
b1100 K
b1100 g
b11 D
b1 G
1&
#3580000
0&
#3585000
b11 B
1.
0/
00
01
b10 G
b111011110010101 ]
b111011110010101 u
b101101000110 ^
b101101000110 v
1&
#3590000
0&
#3595000
b1 B
0.
b11 G
1&
#3600000
0&
#3605000
b11000000000000000101101010000010 P
b11000000000000000101101010000010 j
b10 B
1/
10
11
b11110100000100000000000000000000 Q
b11110100000100000000000000000000 d
b101100 3
b101100 9
b101100 I
b101100 `
b11100110110000000000000000000 R
b11100110110000000000000000000 c
b100100 4
b100100 :
b100100 H
b100100 _
b10000 -
b10000 7
b10000 K
b10000 g
b100 D
b1 G
1&
#3610000
0&
#3615000
b11 B
1.
0/
00
01
b101111110000 N
b101111110000 m
b101111110000 x
b1000011100010 T
b1000011100010 r
b1110111100011110 V
b1110111100011110 o
b1110111100011110 O
b1110111100011110 p
b1110111100011110 z
b10 G
b101101010000010 ]
b101101010000010 u
b1100000000000000 ^
b1100000000000000 v
b10111111000000000000000000 w
b10111111000000000000000000 ~
b11111011110001111001000000100000 y
b11111011110001111001000000100000 |
b1111010000010000 \
b1111010000010000 t
b101000110010001110111100011110 "
b101000110010001110111100011110 2
b101000110010001110111100011110 J
b101000110010001110111100011110 M
b101000110010001110111100011110 a
b10100011001000 U
b10100011001000 n
b10000111010000001000011100010 L
b10000111010000001000011100010 b
b1000011101000 S
b1000011101000 q
b1110011011000 Z
b1110011011000 l
1&
#3620000
0&
#3625000
b1 B
0.
b11 G
b10000111010000001000011100010 Q
b10000111010000001000011100010 d
b101000110010001110111100011110 R
b101000110010001110111100011110 c
1&
#3630000
0&
#3635000
b11011110000101011010000001110000 P
b11011110000101011010000001110000 j
b10 B
1/
10
11
b0 Q
b0 d
b101101 3
b101101 9
b101101 I
b101101 `
b0 R
b0 c
b100101 4
b100101 :
b100101 H
b100101 _
b10100 -
b10100 7
b10100 K
b10100 g
b101 D
b1 G
1&
#3640000
0&
#3645000
b11 B
1.
0/
00
01
b0 N
b0 m
b0 x
b0 T
b0 r
b0 V
b0 o
b0 O
b0 p
b0 z
b10 G
b1010000001110000 ]
b1010000001110000 u
b1101111000010101 ^
b1101111000010101 v
b0 w
b0 ~
b0 y
b0 |
b0 \
b0 t
b0 "
b0 2
b0 J
b0 M
b0 a
b0 U
b0 n
b0 L
b0 b
b0 S
b0 q
b0 Z
b0 l
1&
#3650000
0&
#3655000
b1 B
0.
b11 G
1&
#3660000
0&
#3665000
b11000001101001000101000000000000 P
b11000001101001000101000000000000 j
b10 B
1/
10
11
b101110 3
b101110 9
b101110 I
b101110 `
b100110 4
b100110 :
b100110 H
b100110 _
b11000 -
b11000 7
b11000 K
b11000 g
b110 D
b1 G
1&
#3670000
0&
#3675000
b11 B
1.
0/
00
01
b10 G
b101000000000000 ]
b101000000000000 u
b1100000110100100 ^
b1100000110100100 v
1&
#3680000
0&
#3685000
b1 B
0.
b11 G
1&
#3690000
0&
#3695000
b10101110011111010001010100101000 P
b10101110011111010001010100101000 j
b10 B
1/
10
11
b101111 3
b101111 9
b101111 I
b101111 `
b100111 4
b100111 :
b100111 H
b100111 _
b11100 -
b11100 7
b11100 K
b11100 g
b111 D
b1 G
1&
#3700000
0&
#3705000
b11 B
1.
0/
00
01
b10 G
b1010100101000 ]
b1010100101000 u
b1010111001111101 ^
b1010111001111101 v
1&
#3710000
0&
#3715000
b1 B
0.
b11 G
1&
#3720000
0&
#3725000
b1000000000000000000000000000000 P
b1000000000000000000000000000000 j
b10 B
1/
10
11
b110000 8
b11 A
b111000 3
b111000 9
b111000 I
b111000 `
b110000 4
b110000 :
b110000 H
b110000 _
b0 -
b0 7
b0 K
b0 g
b0 D
b1 G
1&
#3730000
0&
#3735000
b11 B
1.
0/
00
01
b10 G
b0 ]
b0 u
b100000000000000 ^
b100000000000000 v
1&
#3740000
0&
#3745000
b1 B
0.
b11 G
1&
#3750000
0&
#3755000
b111001100011001100111010111100 P
b111001100011001100111010111100 j
b10 B
1/
10
11
b111001 3
b111001 9
b111001 I
b111001 `
b110001 4
b110001 :
b110001 H
b110001 _
b100 -
b100 7
b100 K
b100 g
b1 D
b1 G
1&
#3760000
0&
#3765000
b11 B
1.
0/
00
01
b10 G
b1100111010111100 ]
b1100111010111100 u
b11100110001100 ^
b11100110001100 v
1&
#3770000
0&
#3775000
b1 B
0.
b11 G
1&
#3780000
0&
#3785000
b100111000101001010000000000000 P
b100111000101001010000000000000 j
b10 B
1/
10
11
b111010 3
b111010 9
b111010 I
b111010 `
b110010 4
b110010 :
b110010 H
b110010 _
b1000 -
b1000 7
b1000 K
b1000 g
b10 D
b1 G
1&
#3790000
0&
#3795000
b11 B
1.
0/
00
01
b10 G
b1010000000000000 ]
b1010000000000000 u
b10011100010100 ^
b10011100010100 v
1&
#3800000
0&
#3805000
b1 B
0.
b11 G
1&
#3810000
0&
#3815000
b1011010001100111011110010101 P
b1011010001100111011110010101 j
b10 B
1/
10
11
b111011 3
b111011 9
b111011 I
b111011 `
b110011 4
b110011 :
b110011 H
b110011 _
b1100 -
b1100 7
b1100 K
b1100 g
b11 D
b1 G
1&
#3820000
0&
#3825000
b11 B
1.
0/
00
01
b10 G
b111011110010101 ]
b111011110010101 u
b101101000110 ^
b101101000110 v
1&
#3830000
0&
#3835000
b1 B
0.
b11 G
1&
#3840000
0&
#3845000
b11000000000000000101101010000010 P
b11000000000000000101101010000010 j
b10 B
1/
10
11
b11100011001010000000000000000000 Q
b11100011001010000000000000000000 d
b111100 3
b111100 9
b111100 I
b111100 `
b1011111100000000000000000000 R
b1011111100000000000000000000 c
b110100 4
b110100 :
b110100 H
b110100 _
b10000 -
b10000 7
b10000 K
b10000 g
b100 D
b1 G
1&
#3850000
0&
#3855000
b11 B
1.
0/
00
01
b1110011011000 N
b1110011011000 m
b1110011011000 x
b10100011001011 T
b10100011001011 r
b1101011100110101 V
b1101011100110101 o
b1101011100110101 O
b1101011100110101 p
b1101011100110101 z
b10 G
b101101010000010 ]
b101101010000010 u
b1100000000000000 ^
b1100000000000000 v
b111001101100000000000000000 w
b111001101100000000000000000 ~
b11110101110011010110101001010000 y
b11110101110011010110101001010000 |
b1110001100101000 \
b1110001100101000 t
b101000110010001101011100110101 "
b101000110010001101011100110101 2
b101000110010001101011100110101 J
b101000110010001101011100110101 M
b101000110010001101011100110101 a
b10100011001000 U
b10100011001000 n
b11101111000110000010100011001011 L
b11101111000110000010100011001011 b
b1110111100011000 S
b1110111100011000 q
b101111110000 Z
b101111110000 l
1&
#3860000
0&
#3865000
b1 B
0.
b11 G
b11101111000110000010100011001011 Q
b11101111000110000010100011001011 d
b101000110010001101011100110101 R
b101000110010001101011100110101 c
1&
#3870000
0&
#3875000
b11011110000101011010000001110000 P
b11011110000101011010000001110000 j
b10 B
1/
10
11
b0 Q
b0 d
b111101 3
b111101 9
b111101 I
b111101 `
b0 R
b0 c
b110101 4
b110101 :
b110101 H
b110101 _
b10100 -
b10100 7
b10100 K
b10100 g
b101 D
b1 G
1&
#3880000
0&
#3885000
b11 B
1.
0/
00
01
b0 N
b0 m
b0 x
b0 T
b0 r
b0 V
b0 o
b0 O
b0 p
b0 z
b10 G
b1010000001110000 ]
b1010000001110000 u
b1101111000010101 ^
b1101111000010101 v
b0 w
b0 ~
b0 y
b0 |
b0 \
b0 t
b0 "
b0 2
b0 J
b0 M
b0 a
b0 U
b0 n
b0 L
b0 b
b0 S
b0 q
b0 Z
b0 l
1&
#3890000
0&
#3895000
b1 B
0.
b11 G
1&
#3900000
0&
#3905000
b11000001101001000101000000000000 P
b11000001101001000101000000000000 j
b10 B
1/
10
11
b111110 3
b111110 9
b111110 I
b111110 `
b110110 4
b110110 :
b110110 H
b110110 _
b11000 -
b11000 7
b11000 K
b11000 g
b110 D
b1 G
1&
#3910000
0&
#3915000
b11 B
1.
0/
00
01
b10 G
b101000000000000 ]
b101000000000000 u
b1100000110100100 ^
b1100000110100100 v
1&
#3920000
0&
#3925000
b1 B
0.
b11 G
1&
#3930000
0&
#3935000
b10101110011111010001010100101000 P
b10101110011111010001010100101000 j
b10 B
1/
10
11
b111111 3
b111111 9
b111111 I
b111111 `
b110111 4
b110111 :
b110111 H
b110111 _
b11100 -
b11100 7
b11100 K
b11100 g
b111 D
b1 G
1&
#3940000
0&
#3945000
b11 B
1.
0/
00
01
b10 G
b1010100101000 ]
b1010100101000 u
b1010111001111101 ^
b1010111001111101 v
1&
#3950000
0&
#3955000
b1 B
0.
b11 G
1&
#3960000
0&
#3965000
b1000000000000000000000000000000 P
b1000000000000000000000000000000 j
b10 B
1/
10
11
b10 C
b10000 E
b101 F
b0 Q
b0 d
b10000000000000000 R
b10000000000000000 c
b0 8
b0 A
b10000 3
b10000 9
b10000 I
b10000 `
b0 4
b0 :
b0 H
b0 _
b0 -
b0 7
b0 K
b0 g
b0 D
b1 G
1&
#3970000
0&
#3975000
b11 B
1.
0/
00
01
b10 G
b0 ]
b0 u
b100000000000000 ^
b100000000000000 v
b10000000000000000 "
b10000000000000000 2
b10000000000000000 J
b10000000000000000 M
b10000000000000000 a
b1 U
b1 n
b10000000000000000 L
b10000000000000000 b
b1 S
b1 q
b1 Z
b1 l
1&
#3980000
0&
#3985000
b1 B
0.
b11 G
b10000000000000000 Q
b10000000000000000 d
1&
#3990000
0&
#3995000
b111110010111001110011100000111 P
b111110010111001110011100000111 j
b10 B
1/
10
11
b0 Q
b0 d
b10001 3
b10001 9
b10001 I
b10001 `
b11111111111111110000000000000010 R
b11111111111111110000000000000010 c
b1 4
b1 :
b1 H
b1 _
b10 -
b10 7
b10 K
b10 g
b1 D
b1 G
1&
#4000000
0&
#4005000
b11 B
1.
0/
00
01
b10 G
b1110011100000111 ]
b1110011100000111 u
b11111001011100 ^
b11111001011100 v
b10 V
b10 o
b10 T
b10 r
b10 Y
b10 k
b11111111111111110000000000000010 "
b11111111111111110000000000000010 2
b11111111111111110000000000000010 J
b11111111111111110000000000000010 M
b11111111111111110000000000000010 a
b1111111111111111 U
b1111111111111111 n
b11111111111111110000000000000010 L
b11111111111111110000000000000010 b
b1111111111111111 S
b1111111111111111 q
b1111111111111111 Z
b1111111111111111 l
1&
#4010000
0&
#4015000
b1 B
0.
b11 G
b11111111111111110000000000000010 Q
b11111111111111110000000000000010 d
1&
#4020000
0&
#4025000
b111001100011001100111010111100 P
b111001100011001100111010111100 j
b10 B
1/
10
11
b0 Q
b0 d
b10010 3
b10010 9
b10010 I
b10010 `
b11111111111111110 R
b11111111111111110 c
b10 4
b10 :
b10 H
b10 _
b100 -
b100 7
b100 K
b100 g
b10 D
b1 G
1&
#4030000
0&
#4035000
b11 B
1.
0/
00
01
b10 G
b1100111010111100 ]
b1100111010111100 u
b11100110001100 ^
b11100110001100 v
b1111111111111110 V
b1111111111111110 o
b1111111111111110 T
b1111111111111110 r
b1111111111111110 Y
b1111111111111110 k
b11111111111111110 "
b11111111111111110 2
b11111111111111110 J
b11111111111111110 M
b11111111111111110 a
b1 U
b1 n
b11111111111111110 L
b11111111111111110 b
b1 S
b1 q
b1 Z
b1 l
1&
#4040000
0&
#4045000
b1 B
0.
b11 G
b11111111111111110 Q
b11111111111111110 d
1&
#4050000
0&
#4055000
b110001101010111011011011101011 P
b110001101010111011011011101011 j
b10 B
1/
10
11
b0 Q
b0 d
b10011 3
b10011 9
b10011 I
b10011 `
b101111111111111101 R
b101111111111111101 c
b11 4
b11 :
b11 H
b11 _
b110 -
b110 7
b110 K
b110 g
b11 D
b1 G
1&
#4060000
0&
#4065000
b11 B
1.
0/
00
01
b10 G
b1011011011101011 ]
b1011011011101011 u
b11000110101011 ^
b11000110101011 v
b1111111111111101 V
b1111111111111101 o
b1111111111111101 T
b1111111111111101 r
b1111111111111101 Y
b1111111111111101 k
b101111111111111101 "
b101111111111111101 2
b101111111111111101 J
b101111111111111101 M
b101111111111111101 a
b10 U
b10 n
b101111111111111101 L
b101111111111111101 b
b10 S
b10 q
b10 Z
b10 l
1&
#4070000
0&
#4075000
b1 B
0.
b11 G
b101111111111111101 Q
b101111111111111101 d
1&
#4080000
0&
#4085000
b100111000101001010000000000000 P
b100111000101001010000000000000 j
b10 B
1/
10
11
b101100001100001110000011000001 Q
b101100001100001110000011000001 d
b10100 3
b10100 9
b10100 I
b10100 `
b11111001110110000000000000000 R
b11111001110110000000000000000 c
b100 4
b100 :
b100 H
b100 _
b1000 -
b1000 7
b1000 K
b1000 g
b100 D
b1 G
1&
#4090000
0&
#4095000
b11 B
1.
0/
00
01
b1110110000011100 N
b1110110000011100 m
b1110110000011100 x
b1010101010100011 O
b1010101010100011 p
b1010101010100011 z
b10 G
b1010000000000000 ]
b1010000000000000 u
b10011100010100 ^
b10011100010100 v
b1011101101111010000000000000 }
b11111011001110101111011000010100 {
b1110000011000001 [
b1110000011000001 s
b11111011000001110010001111000000 w
b110101111101100001111000000 ~
b11101010101010001111011000010100 y
b11101111011011100000000000000000 |
b10110000110000 \
b10110000110000 t
b1010101010100011 V
b1010101010100011 o
b101010101011101 T
b101010101011101 r
b0 Y
b0 k
b1011010101111010101010100011 "
b1011010101111010101010100011 2
b1011010101111010101010100011 J
b1011010101111010101010100011 M
b1011010101111010101010100011 a
b101101010111 U
b101101010111 n
b110011000111110101010101011101 L
b110011000111110101010101011101 b
b11001100011111 S
b11001100011111 q
b1111100111011 Z
b1111100111011 l
1&
#4100000
0&
#4105000
b1 B
0.
b11 G
b110011000111110101010101011101 Q
b110011000111110101010101011101 d
b1011010101111010101010100011 R
b1011010101111010101010100011 c
1&
#4110000
0&
#4115000
b11010000111101000101010110010 P
b11010000111101000101010110010 j
b10 B
1/
10
11
b0 Q
b0 d
b10101 3
b10101 9
b10101 I
b10101 `
b10000000000000000 R
b10000000000000000 c
b101 4
b101 :
b101 H
b101 _
b1010 -
b1010 7
b1010 K
b1010 g
b101 D
b1 G
1&
#4120000
0&
#4125000
b11 B
1.
0/
00
01
b0 N
b0 m
b0 x
b0 T
b0 r
b0 V
b0 o
b0 O
b0 p
b0 z
b10 G
b1000101010110010 ]
b1000101010110010 u
b1101000011110 ^
b1101000011110 v
b0 }
b0 {
b0 [
b0 s
b0 w
b0 ~
b0 y
b0 |
b0 \
b0 t
b10000000000000000 "
b10000000000000000 2
b10000000000000000 J
b10000000000000000 M
b10000000000000000 a
b1 U
b1 n
b10000000000000000 L
b10000000000000000 b
b1 S
b1 q
b1 Z
b1 l
1&
#4130000
0&
#4135000
b1 B
0.
b11 G
b10000000000000000 Q
b10000000000000000 d
1&
#4140000
0&
#4145000
b1011010001100111011110010101 P
b1011010001100111011110010101 j
b10 B
1/
10
11
b0 Q
b0 d
b10110 3
b10110 9
b10110 I
b10110 `
b11111111111111110000000000000010 R
b11111111111111110000000000000010 c
b110 4
b110 :
b110 H
b110 _
b1100 -
b1100 7
b1100 K
b1100 g
b110 D
b1 G
1&
#4150000
0&
#4155000
b11 B
1.
0/
00
01
b10 G
b111011110010101 ]
b111011110010101 u
b101101000110 ^
b101101000110 v
b10 V
b10 o
b10 T
b10 r
b10 Y
b10 k
b11111111111111110000000000000010 "
b11111111111111110000000000000010 2
b11111111111111110000000000000010 J
b11111111111111110000000000000010 M
b11111111111111110000000000000010 a
b1111111111111111 U
b1111111111111111 n
b11111111111111110000000000000010 L
b11111111111111110000000000000010 b
b1111111111111111 S
b1111111111111111 q
b1111111111111111 Z
b1111111111111111 l
1&
#4160000
0&
#4165000
b1 B
0.
b11 G
b11111111111111110000000000000010 Q
b11111111111111110000000000000010 d
1&
#4170000
0&
#4175000
b11111011000001000110011101000110 P
b11111011000001000110011101000110 j
b10 B
1/
10
11
b0 Q
b0 d
b10111 3
b10111 9
b10111 I
b10111 `
b100000000000000001 R
b100000000000000001 c
b111 4
b111 :
b111 H
b111 _
b1110 -
b1110 7
b1110 K
b1110 g
b111 D
b1 G
1&
#4180000
0&
#4185000
b11 B
1.
0/
00
01
b10 G
b110011101000110 ]
b110011101000110 u
b1111101100000100 ^
b1111101100000100 v
b1 V
b1 o
b1 T
b1 r
b1 Y
b1 k
b100000000000000001 "
b100000000000000001 2
b100000000000000001 J
b100000000000000001 M
b100000000000000001 a
b10 U
b10 n
b100000000000000001 L
b100000000000000001 b
b10 S
b10 q
b10 Z
b10 l
1&
#4190000
0&
#4195000
b1 B
0.
b11 G
b100000000000000001 Q
b100000000000000001 d
1&
#4200000
0&
#4205000
b11000000000000000101101010000010 P
b11000000000000000101101010000010 j
b10 B
1/
10
11
b0 Q
b0 d
b11000 3
b11000 9
b11000 I
b11000 `
b10000000000000000 R
b10000000000000000 c
b1000 4
b1000 :
b1000 H
b1000 _
b10000 -
b10000 7
b10000 K
b10000 g
b1000 D
b1 G
1&
#4210000
0&
#4215000
b11 B
1.
0/
00
01
b10 G
b101101010000010 ]
b101101010000010 u
b1100000000000000 ^
b1100000000000000 v
b0 V
b0 o
b0 T
b0 r
b0 Y
b0 k
b10000000000000000 "
b10000000000000000 2
b10000000000000000 J
b10000000000000000 M
b10000000000000000 a
b1 U
b1 n
b10000000000000000 L
b10000000000000000 b
b1 S
b1 q
b1 Z
b1 l
1&
#4220000
0&
#4225000
b1 B
0.
b11 G
b10000000000000000 Q
b10000000000000000 d
1&
#4230000
0&
#4235000
b11101110100101011100111100000100 P
b11101110100101011100111100000100 j
b10 B
1/
10
11
b0 Q
b0 d
b11001 3
b11001 9
b11001 I
b11001 `
b11111111111111110000000000000010 R
b11111111111111110000000000000010 c
b1001 4
b1001 :
b1001 H
b1001 _
b10010 -
b10010 7
b10010 K
b10010 g
b1001 D
b1 G
1&
#4240000
0&
#4245000
b11 B
1.
0/
00
01
b10 G
b1100111100000100 ]
b1100111100000100 u
b1110111010010101 ^
b1110111010010101 v
b10 V
b10 o
b10 T
b10 r
b10 Y
b10 k
b11111111111111110000000000000010 "
b11111111111111110000000000000010 2
b11111111111111110000000000000010 J
b11111111111111110000000000000010 M
b11111111111111110000000000000010 a
b1111111111111111 U
b1111111111111111 n
b11111111111111110000000000000010 L
b11111111111111110000000000000010 b
b1111111111111111 S
b1111111111111111 q
b1111111111111111 Z
b1111111111111111 l
1&
#4250000
0&
#4255000
b1 B
0.
b11 G
b11111111111111110000000000000010 Q
b11111111111111110000000000000010 d
1&
#4260000
0&
#4265000
b11011110000101011010000001110000 P
b11011110000101011010000001110000 j
b10 B
1/
10
11
b0 Q
b0 d
b11010 3
b11010 9
b11010 I
b11010 `
b11111111111111110 R
b11111111111111110 c
b1010 4
b1010 :
b1010 H
b1010 _
b10100 -
b10100 7
b10100 K
b10100 g
b1010 D
b1 G
1&
#4270000
0&
#4275000
b11 B
1.
0/
00
01
b10 G
b1010000001110000 ]
b1010000001110000 u
b1101111000010101 ^
b1101111000010101 v
b1111111111111110 V
b1111111111111110 o
b1111111111111110 T
b1111111111111110 r
b1111111111111110 Y
b1111111111111110 k
b11111111111111110 "
b11111111111111110 2
b11111111111111110 J
b11111111111111110 M
b11111111111111110 a
b1 U
b1 n
b11111111111111110 L
b11111111111111110 b
b1 S
b1 q
b1 Z
b1 l
1&
#4280000
0&
#4285000
b1 B
0.
b11 G
b11111111111111110 Q
b11111111111111110 d
1&
#4290000
0&
#4295000
b11001110111011000111010111010000 P
b11001110111011000111010111010000 j
b10 B
1/
10
11
b0 Q
b0 d
b11011 3
b11011 9
b11011 I
b11011 `
b101111111111111101 R
b101111111111111101 c
b1011 4
b1011 :
b1011 H
b1011 _
b10110 -
b10110 7
b10110 K
b10110 g
b1011 D
b1 G
1&
#4300000
0&
#4305000
b11 B
1.
0/
00
01
b10 G
b111010111010000 ]
b111010111010000 u
b1100111011101100 ^
b1100111011101100 v
b1111111111111101 V
b1111111111111101 o
b1111111111111101 T
b1111111111111101 r
b1111111111111101 Y
b1111111111111101 k
b101111111111111101 "
b101111111111111101 2
b101111111111111101 J
b101111111111111101 M
b101111111111111101 a
b10 U
b10 n
b101111111111111101 L
b101111111111111101 b
b10 S
b10 q
b10 Z
b10 l
1&
#4310000
0&
#4315000
b1 B
0.
b11 G
b101111111111111101 Q
b101111111111111101 d
1&
#4320000
0&
#4325000
b11000001101001000101000000000000 P
b11000001101001000101000000000000 j
b10 B
1/
10
11
b1111100111111 Q
b1111100111111 d
b11100 3
b11100 9
b11100 I
b11100 `
b11111001110110000000000000000 R
b11111001110110000000000000000 c
b1100 4
b1100 :
b1100 H
b1100 _
b11000 -
b11000 7
b11000 K
b11000 g
b1100 D
b1 G
1&
#4330000
0&
#4335000
b11 B
1.
0/
00
01
b1101100011110001 N
b1101100011110001 m
b1101100011110001 x
b1110000110001110 O
b1110000110001110 p
b1110000110001110 z
b10 G
b101000000000000 ]
b101000000000000 u
b1100000110100100 ^
b1100000110100100 v
b11110110001111000101000000000000 w
b1001110000111011000000000000 }
b11111000011000111000001101011100 y
b11111000011000111000001101011100 {
b1111100111111 [
b1111100111111 s
b1110000110001110 V
b1110000110001110 o
b1111001110010 T
b1111001110010 r
b0 Y
b0 k
b11111000001011001110000110001110 "
b11111000001011001110000110001110 2
b11111000001011001110000110001110 J
b11111000001011001110000110001110 M
b11111000001011001110000110001110 a
b1111100000101100 U
b1111100000101100 n
b1000110010010100001111001110010 L
b1000110010010100001111001110010 b
b100011001001010 S
b100011001001010 q
b1111100111011 Z
b1111100111011 l
1&
#4340000
0&
#4345000
b1 B
0.
b11 G
b1000110010010100001111001110010 Q
b1000110010010100001111001110010 d
b11111000001011001110000110001110 R
b11111000001011001110000110001110 c
1&
#4350000
0&
#4355000
b10110110100111000010111110110010 P
b10110110100111000010111110110010 j
b10 B
1/
10
11
b0 Q
b0 d
b11101 3
b11101 9
b11101 I
b11101 `
b10000000000000000 R
b10000000000000000 c
b1101 4
b1101 :
b1101 H
b1101 _
b11010 -
b11010 7
b11010 K
b11010 g
b1101 D
b1 G
1&
#4360000
0&
#4365000
b11 B
1.
0/
00
01
b0 N
b0 m
b0 x
b0 T
b0 r
b0 V
b0 o
b0 O
b0 p
b0 z
b10 G
b10111110110010 ]
b10111110110010 u
b1011011010011100 ^
b1011011010011100 v
b0 w
b0 }
b0 y
b0 {
b0 [
b0 s
b10000000000000000 "
b10000000000000000 2
b10000000000000000 J
b10000000000000000 M
b10000000000000000 a
b1 U
b1 n
b10000000000000000 L
b10000000000000000 b
b1 S
b1 q
b1 Z
b1 l
1&
#4370000
0&
#4375000
b1 B
0.
b11 G
b10000000000000000 Q
b10000000000000000 d
1&
#4380000
0&
#4385000
b10101110011111010001010100101000 P
b10101110011111010001010100101000 j
b10 B
1/
10
11
b0 Q
b0 d
b11110 3
b11110 9
b11110 I
b11110 `
b11111111111111110000000000000010 R
b11111111111111110000000000000010 c
b1110 4
b1110 :
b1110 H
b1110 _
b11100 -
b11100 7
b11100 K
b11100 g
b1110 D
b1 G
1&
#4390000
0&
#4395000
b11 B
1.
0/
00
01
b10 G
b1010100101000 ]
b1010100101000 u
b1010111001111101 ^
b1010111001111101 v
b10 V
b10 o
b10 T
b10 r
b10 Y
b10 k
b11111111111111110000000000000010 "
b11111111111111110000000000000010 2
b11111111111111110000000000000010 J
b11111111111111110000000000000010 M
b11111111111111110000000000000010 a
b1111111111111111 U
b1111111111111111 n
b11111111111111110000000000000010 L
b11111111111111110000000000000010 b
b1111111111111111 S
b1111111111111111 q
b1111111111111111 Z
b1111111111111111 l
1&
#4400000
0&
#4405000
b1 B
0.
b11 G
b11111111111111110000000000000010 Q
b11111111111111110000000000000010 d
1&
#4410000
0&
#4415000
b10101001101010000000000010110000 P
b10101001101010000000000010110000 j
b10 B
1/
10
11
b0 Q
b0 d
b11111 3
b11111 9
b11111 I
b11111 `
b100000000000000001 R
b100000000000000001 c
b1111 4
b1111 :
b1111 H
b1111 _
b11110 -
b11110 7
b11110 K
b11110 g
b1111 D
b1 G
1&
#4420000
0&
#4425000
b11 B
1.
0/
00
01
b10 G
b10110000 ]
b10110000 u
b1010100110101000 ^
b1010100110101000 v
b1 V
b1 o
b1 T
b1 r
b1 Y
b1 k
b100000000000000001 "
b100000000000000001 2
b100000000000000001 J
b100000000000000001 M
b100000000000000001 a
b10 U
b10 n
b100000000000000001 L
b100000000000000001 b
b10 S
b10 q
b10 Z
b10 l
1&
#4430000
0&
#4435000
b1 B
0.
b11 G
b100000000000000001 Q
b100000000000000001 d
1&
#4440000
0&
#4445000
b1000000000000000000000000000000 P
b1000000000000000000000000000000 j
b10 B
1/
10
11
b100000 8
b1 A
b0 Q
b0 d
b110000 3
b110000 9
b110000 I
b110000 `
b0 R
b0 c
b100000 4
b100000 :
b100000 H
b100000 _
b0 -
b0 7
b0 K
b0 g
b0 D
b1 G
1&
#4450000
0&
#4455000
b11 B
1.
0/
00
01
b10 G
b0 ]
b0 u
b100000000000000 ^
b100000000000000 v
b0 V
b0 o
b0 T
b0 r
b0 Y
b0 k
b0 "
b0 2
b0 J
b0 M
b0 a
b0 U
b0 n
b0 L
b0 b
b0 S
b0 q
b0 Z
b0 l
1&
#4460000
0&
#4465000
b1 B
0.
b11 G
1&
#4470000
0&
#4475000
b111110010111001110011100000111 P
b111110010111001110011100000111 j
b10 B
1/
10
11
b110001 3
b110001 9
b110001 I
b110001 `
b100001 4
b100001 :
b100001 H
b100001 _
b10 -
b10 7
b10 K
b10 g
b1 D
b1 G
1&
#4480000
0&
#4485000
b11 B
1.
0/
00
01
b10 G
b1110011100000111 ]
b1110011100000111 u
b11111001011100 ^
b11111001011100 v
1&
#4490000
0&
#4495000
b1 B
0.
b11 G
1&
#4500000
0&
#4505000
b111001100011001100111010111100 P
b111001100011001100111010111100 j
b10 B
1/
10
11
b110010 3
b110010 9
b110010 I
b110010 `
b100010 4
b100010 :
b100010 H
b100010 _
b100 -
b100 7
b100 K
b100 g
b10 D
b1 G
1&
#4510000
0&
#4515000
b11 B
1.
0/
00
01
b10 G
b1100111010111100 ]
b1100111010111100 u
b11100110001100 ^
b11100110001100 v
1&
#4520000
0&
#4525000
b1 B
0.
b11 G
1&
#4530000
0&
#4535000
b110001101010111011011011101011 P
b110001101010111011011011101011 j
b10 B
1/
10
11
b110011 3
b110011 9
b110011 I
b110011 `
b100011 4
b100011 :
b100011 H
b100011 _
b110 -
b110 7
b110 K
b110 g
b11 D
b1 G
1&
#4540000
0&
#4545000
b11 B
1.
0/
00
01
b10 G
b1011011011101011 ]
b1011011011101011 u
b11000110101011 ^
b11000110101011 v
1&
#4550000
0&
#4555000
b1 B
0.
b11 G
1&
#4560000
0&
#4565000
b100111000101001010000000000000 P
b100111000101001010000000000000 j
b10 B
1/
10
11
b101000110010001101011100110101 Q
b101000110010001101011100110101 d
b110100 3
b110100 9
b110100 I
b110100 `
b101000110010001110111100011110 R
b101000110010001110111100011110 c
b100100 4
b100100 :
b100100 H
b100100 _
b1000 -
b1000 7
b1000 K
b1000 g
b100 D
b1 G
1&
#4570000
0&
#4575000
b11 B
1.
0/
00
01
b1101101110110110 N
b1101101110110110 m
b1101101110110110 x
b1010100111101011 O
b1010100111101011 p
b1010100111101011 z
b10 G
b1010000000000000 ]
b1010000000000000 u
b10011100010100 ^
b10011100010100 v
b1111010011000010000000000000 }
b11111001110001011110001100100100 {
b1101011100110101 [
b1101011100110101 s
b11110110111011011000011110100000 w
b110001110011010011110100000 ~
b11101010011110101110001100100100 y
b11110000101101010000000000000000 |
b10100011001000 \
b10100011001000 t
b1001100100001001 V
b1001100100001001 o
b100010100110011 T
b100010100110011 r
b1110111100011110 Y
b1110111100011110 k
b100011111101001100100001001 "
b100011111101001100100001001 2
b100011111101001100100001001 J
b100011111101001100100001001 M
b100011111101001100100001001 a
b10001111110 U
b10001111110 n
b1001101000100100100010100110011 L
b1001101000100100100010100110011 b
b100110100010010 S
b100110100010010 q
b10100011001000 Z
b10100011001000 l
1&
#4580000
0&
#4585000
b1 B
0.
b11 G
b1001101000100100100010100110011 Q
b1001101000100100100010100110011 d
b100011111101001100100001001 R
b100011111101001100100001001 c
1&
#4590000
0&
#4595000
b11010000111101000101010110010 P
b11010000111101000101010110010 j
b10 B
1/
10
11
b0 Q
b0 d
b110101 3
b110101 9
b110101 I
b110101 `
b0 R
b0 c
b100101 4
b100101 :
b100101 H
b100101 _
b1010 -
b1010 7
b1010 K
b1010 g
b101 D
b1 G
1&
#4600000
0&
#4605000
b11 B
1.
0/
00
01
b0 N
b0 m
b0 x
b0 O
b0 p
b0 z
b10 G
b1000101010110010 ]
b1000101010110010 u
b1101000011110 ^
b1101000011110 v
b0 }
b0 {
b0 [
b0 s
b0 w
b0 ~
b0 y
b0 |
b0 \
b0 t
b0 V
b0 o
b0 T
b0 r
b0 Y
b0 k
b0 "
b0 2
b0 J
b0 M
b0 a
b0 U
b0 n
b0 L
b0 b
b0 S
b0 q
b0 Z
b0 l
1&
#4610000
0&
#4615000
b1 B
0.
b11 G
1&
#4620000
0&
#4625000
b1011010001100111011110010101 P
b1011010001100111011110010101 j
b10 B
1/
10
11
b110110 3
b110110 9
b110110 I
b110110 `
b100110 4
b100110 :
b100110 H
b100110 _
b1100 -
b1100 7
b1100 K
b1100 g
b110 D
b1 G
1&
#4630000
0&
#4635000
b11 B
1.
0/
00
01
b10 G
b111011110010101 ]
b111011110010101 u
b101101000110 ^
b101101000110 v
1&
#4640000
0&
#4645000
b1 B
0.
b11 G
1&
#4650000
0&
#4655000
b11111011000001000110011101000110 P
b11111011000001000110011101000110 j
b10 B
1/
10
11
b110111 3
b110111 9
b110111 I
b110111 `
b100111 4
b100111 :
b100111 H
b100111 _
b1110 -
b1110 7
b1110 K
b1110 g
b111 D
b1 G
1&
#4660000
0&
#4665000
b11 B
1.
0/
00
01
b10 G
b110011101000110 ]
b110011101000110 u
b1111101100000100 ^
b1111101100000100 v
1&
#4670000
0&
#4675000
b1 B
0.
b11 G
1&
#4680000
0&
#4685000
b11000000000000000101101010000010 P
b11000000000000000101101010000010 j
b10 B
1/
10
11
b111000 3
b111000 9
b111000 I
b111000 `
b101000 4
b101000 :
b101000 H
b101000 _
b10000 -
b10000 7
b10000 K
b10000 g
b1000 D
b1 G
1&
#4690000
0&
#4695000
b11 B
1.
0/
00
01
b10 G
b101101010000010 ]
b101101010000010 u
b1100000000000000 ^
b1100000000000000 v
1&
#4700000
0&
#4705000
b1 B
0.
b11 G
1&
#4710000
0&
#4715000
b11101110100101011100111100000100 P
b11101110100101011100111100000100 j
b10 B
1/
10
11
b111001 3
b111001 9
b111001 I
b111001 `
b101001 4
b101001 :
b101001 H
b101001 _
b10010 -
b10010 7
b10010 K
b10010 g
b1001 D
b1 G
1&
#4720000
0&
#4725000
b11 B
1.
0/
00
01
b10 G
b1100111100000100 ]
b1100111100000100 u
b1110111010010101 ^
b1110111010010101 v
1&
#4730000
0&
#4735000
b1 B
0.
b11 G
1&
#4740000
0&
#4745000
b11011110000101011010000001110000 P
b11011110000101011010000001110000 j
b10 B
1/
10
11
b111010 3
b111010 9
b111010 I
b111010 `
b101010 4
b101010 :
b101010 H
b101010 _
b10100 -
b10100 7
b10100 K
b10100 g
b1010 D
b1 G
1&
#4750000
0&
#4755000
b11 B
1.
0/
00
01
b10 G
b1010000001110000 ]
b1010000001110000 u
b1101111000010101 ^
b1101111000010101 v
1&
#4760000
0&
#4765000
b1 B
0.
b11 G
1&
#4770000
0&
#4775000
b11001110111011000111010111010000 P
b11001110111011000111010111010000 j
b10 B
1/
10
11
b111011 3
b111011 9
b111011 I
b111011 `
b101011 4
b101011 :
b101011 H
b101011 _
b10110 -
b10110 7
b10110 K
b10110 g
b1011 D
b1 G
1&
#4780000
0&
#4785000
b11 B
1.
0/
00
01
b10 G
b111010111010000 ]
b111010111010000 u
b1100111011101100 ^
b1100111011101100 v
1&
#4790000
0&
#4795000
b1 B
0.
b11 G
1&
#4800000
0&
#4805000
b11000001101001000101000000000000 P
b11000001101001000101000000000000 j
b10 B
1/
10
11
b11101111000110000010100011001011 Q
b11101111000110000010100011001011 d
b111100 3
b111100 9
b111100 I
b111100 `
b10000111010000001000011100010 R
b10000111010000001000011100010 c
b101100 4
b101100 :
b101100 H
b101100 _
b11000 -
b11000 7
b11000 K
b11000 g
b1100 D
b1 G
1&
#4810000
0&
#4815000
b11 B
1.
0/
00
01
b1101110101111011 N
b1101110101111011 m
b1101110101111011 x
b1100001100011110 O
b1100001100011110 p
b1100001100011110 z
b10 G
b101000000000000 ]
b101000000000000 u
b1100000110100100 ^
b1100000110100100 v
b1100101111110111000000000000 }
b11110110000100000010110100001100 {
b10100011001011 [
b10100011001011 s
b11110111010111101101001101100000 w
b100000111100100001101100000 ~
b11110000110001111010110100001100 y
b11111010101101111000000000000000 |
b1110111100011000 \
b1110111100011000 t
b1101010000000000 V
b1101010000000000 o
b100110111000100 T
b100110111000100 r
b1000011100010 Y
b1000011100010 k
b11101110011000111101010000000000 "
b11101110011000111101010000000000 2
b11101110011000111101010000000000 J
b11101110011000111101010000000000 M
b11101110011000111101010000000000 a
b1110111001100011 U
b1110111001100011 n
b110011011011010100110111000100 L
b110011011011010100110111000100 b
b11001101101101 S
b11001101101101 q
b1000011101000 Z
b1000011101000 l
1&
#4820000
0&
#4825000
b1 B
0.
b11 G
b110011011011010100110111000100 Q
b110011011011010100110111000100 d
b11101110011000111101010000000000 R
b11101110011000111101010000000000 c
1&
#4830000
0&
#4835000
b10110110100111000010111110110010 P
b10110110100111000010111110110010 j
b10 B
1/
10
11
b0 Q
b0 d
b111101 3
b111101 9
b111101 I
b111101 `
b0 R
b0 c
b101101 4
b101101 :
b101101 H
b101101 _
b11010 -
b11010 7
b11010 K
b11010 g
b1101 D
b1 G
1&
#4840000
0&
#4845000
b11 B
1.
0/
00
01
b0 N
b0 m
b0 x
b0 O
b0 p
b0 z
b10 G
b10111110110010 ]
b10111110110010 u
b1011011010011100 ^
b1011011010011100 v
b0 }
b0 {
b0 [
b0 s
b0 w
b0 ~
b0 y
b0 |
b0 \
b0 t
b0 V
b0 o
b0 T
b0 r
b0 Y
b0 k
b0 "
b0 2
b0 J
b0 M
b0 a
b0 U
b0 n
b0 L
b0 b
b0 S
b0 q
b0 Z
b0 l
1&
#4850000
0&
#4855000
b1 B
0.
b11 G
1&
#4860000
0&
#4865000
b10101110011111010001010100101000 P
b10101110011111010001010100101000 j
b10 B
1/
10
11
b111110 3
b111110 9
b111110 I
b111110 `
b101110 4
b101110 :
b101110 H
b101110 _
b11100 -
b11100 7
b11100 K
b11100 g
b1110 D
b1 G
1&
#4870000
0&
#4875000
b11 B
1.
0/
00
01
b10 G
b1010100101000 ]
b1010100101000 u
b1010111001111101 ^
b1010111001111101 v
1&
#4880000
0&
#4885000
b1 B
0.
b11 G
1&
#4890000
0&
#4895000
b10101001101010000000000010110000 P
b10101001101010000000000010110000 j
b10 B
1/
10
11
b111111 3
b111111 9
b111111 I
b111111 `
b101111 4
b101111 :
b101111 H
b101111 _
b11110 -
b11110 7
b11110 K
b11110 g
b1111 D
b1 G
1&
#4900000
0&
#4905000
b11 B
1.
0/
00
01
b10 G
b10110000 ]
b10110000 u
b1010100110101000 ^
b1010100110101000 v
1&
#4910000
0&
#4915000
b1 B
0.
b11 G
1&
#4920000
0&
#4925000
b1000000000000000000000000000000 P
b1000000000000000000000000000000 j
b10 B
1/
10
11
b1 C
b100000 E
b110 F
b0 Q
b0 d
b10000000000000000 R
b10000000000000000 c
b0 8
b0 A
b100000 3
b100000 9
b100000 I
b100000 `
b0 4
b0 :
b0 H
b0 _
b0 -
b0 7
b0 K
b0 g
b0 D
b1 G
1&
#4930000
0&
#4935000
b11 B
1.
0/
00
01
b10 G
b0 ]
b0 u
b100000000000000 ^
b100000000000000 v
b10000000000000000 "
b10000000000000000 2
b10000000000000000 J
b10000000000000000 M
b10000000000000000 a
b1 U
b1 n
b10000000000000000 L
b10000000000000000 b
b1 S
b1 q
b1 Z
b1 l
1&
#4940000
0&
#4945000
b1 B
0.
b11 G
b10000000000000000 Q
b10000000000000000 d
1&
#4950000
0&
#4955000
b111111100101101111001101110100 P
b111111100101101111001101110100 j
b10 B
1/
10
11
b0 Q
b0 d
b100001 3
b100001 9
b100001 I
b100001 `
b11111111111111110000000000000010 R
b11111111111111110000000000000010 c
b1 4
b1 :
b1 H
b1 _
b1 -
b1 7
b1 K
b1 g
b1 D
b1 G
1&
#4960000
0&
#4965000
b11 B
1.
0/
00
01
b10 G
b1111001101110100 ]
b1111001101110100 u
b11111110010110 ^
b11111110010110 v
b10 V
b10 o
b10 T
b10 r
b10 Y
b10 k
b11111111111111110000000000000010 "
b11111111111111110000000000000010 2
b11111111111111110000000000000010 J
b11111111111111110000000000000010 M
b11111111111111110000000000000010 a
b1111111111111111 U
b1111111111111111 n
b11111111111111110000000000000010 L
b11111111111111110000000000000010 b
b1111111111111111 S
b1111111111111111 q
b1111111111111111 Z
b1111111111111111 l
1&
#4970000
0&
#4975000
b1 B
0.
b11 G
b11111111111111110000000000000010 Q
b11111111111111110000000000000010 d
1&
#4980000
0&
#4985000
b111110010111001110011100000111 P
b111110010111001110011100000111 j
b10 B
1/
10
11
b0 Q
b0 d
b100010 3
b100010 9
b100010 I
b100010 `
b11111111111111110 R
b11111111111111110 c
b10 4
b10 :
b10 H
b10 _
b10 -
b10 7
b10 K
b10 g
b10 D
b1 G
1&
#4990000
0&
#4995000
b11 B
1.
0/
00
01
b10 G
b1110011100000111 ]
b1110011100000111 u
b11111001011100 ^
b11111001011100 v
b1111111111111110 V
b1111111111111110 o
b1111111111111110 T
b1111111111111110 r
b1111111111111110 Y
b1111111111111110 k
b11111111111111110 "
b11111111111111110 2
b11111111111111110 J
b11111111111111110 M
b11111111111111110 a
b1 U
b1 n
b11111111111111110 L
b11111111111111110 b
b1 S
b1 q
b1 Z
b1 l
1&
#5000000
0&
#5005000
b1 B
0.
b11 G
b11111111111111110 Q
b11111111111111110 d
1&
#5010000
0&
#5015000
b111100010101101101101011011000 P
b111100010101101101101011011000 j
b10 B
1/
10
11
b0 Q
b0 d
b100011 3
b100011 9
b100011 I
b100011 `
b101111111111111101 R
b101111111111111101 c
b11 4
b11 :
b11 H
b11 _
b11 -
b11 7
b11 K
b11 g
b11 D
b1 G
1&
#5020000
0&
#5025000
b11 B
1.
0/
00
01
b10 G
b1101101011011000 ]
b1101101011011000 u
b11110001010110 ^
b11110001010110 v
b1111111111111101 V
b1111111111111101 o
b1111111111111101 T
b1111111111111101 r
b1111111111111101 Y
b1111111111111101 k
b101111111111111101 "
b101111111111111101 2
b101111111111111101 J
b101111111111111101 M
b101111111111111101 a
b10 U
b10 n
b101111111111111101 L
b101111111111111101 b
b10 S
b10 q
b10 Z
b10 l
1&
#5030000
0&
#5035000
b1 B
0.
b11 G
b101111111111111101 Q
b101111111111111101 d
1&
#5040000
0&
#5045000
b111001100011001100111010111100 P
b111001100011001100111010111100 j
b10 B
1/
10
11
b100011111101001100100001001 Q
b100011111101001100100001001 d
b100100 3
b100100 9
b100100 I
b100100 `
b1011010101111010101010100011 R
b1011010101111010101010100011 c
b100 4
b100 :
b100 H
b100 _
b100 -
b100 7
b100 K
b100 g
b100 D
b1 G
1&
#5050000
0&
#5055000
b11 B
1.
0/
00
01
b1011010011000111 N
b1011010011000111 m
b1011010011000111 x
b1001111111110101 O
b1001111111110101 p
b1001111111110101 z
b10 G
b1100111010111100 ]
b1100111010111100 u
b11100110001100 ^
b11100110001100 v
b10011110100001010000010011100 }
b11101000110110101011000111101100 {
b1001100100001001 [
b1001100100001001 s
b11101101001100011110001001001100 w
b1000000101000001011101000 ~
b11100111111111010110001001110100 y
b11111111001000101011000010001000 |
b10001111110 \
b10001111110 t
b100101010011000 V
b100101010011000 o
b101010101110 T
b101010101110 r
b1010101010100011 Y
b1010101010100011 k
b11000000000111100100101010011000 "
b11000000000111100100101010011000 2
b11000000000111100100101010011000 J
b11000000000111100100101010011000 M
b11000000000111100100101010011000 a
b1100000000011110 U
b1100000000011110 n
b1010110100100000000101010101110 L
b1010110100100000000101010101110 b
b101011010010000 S
b101011010010000 q
b101101010111 Z
b101101010111 l
1&
#5060000
0&
#5065000
b1 B
0.
b11 G
b1010110100100000000101010101110 Q
b1010110100100000000101010101110 d
b11000000000111100100101010011000 R
b11000000000111100100101010011000 c
1&
#5070000
0&
#5075000
b110101111110101100001011000000 P
b110101111110101100001011000000 j
b10 B
1/
10
11
b0 Q
b0 d
b100101 3
b100101 9
b100101 I
b100101 `
b10000000000000000 R
b10000000000000000 c
b101 4
b101 :
b101 H
b101 _
b101 -
b101 7
b101 K
b101 g
b101 D
b1 G
1&
#5080000
0&
#5085000
b11 B
1.
0/
00
01
b0 N
b0 m
b0 x
b0 O
b0 p
b0 z
b10 G
b1100001011000000 ]
b1100001011000000 u
b11010111111010 ^
b11010111111010 v
b0 }
b0 {
b0 [
b0 s
b0 w
b0 ~
b0 y
b0 |
b0 \
b0 t
b0 V
b0 o
b0 T
b0 r
b0 Y
b0 k
b10000000000000000 "
b10000000000000000 2
b10000000000000000 J
b10000000000000000 M
b10000000000000000 a
b1 U
b1 n
b10000000000000000 L
b10000000000000000 b
b1 S
b1 q
b1 Z
b1 l
1&
#5090000
0&
#5095000
b1 B
0.
b11 G
b10000000000000000 Q
b10000000000000000 d
1&
#5100000
0&
#5105000
b110001101010111011011011101011 P
b110001101010111011011011101011 j
b10 B
1/
10
11
b0 Q
b0 d
b100110 3
b100110 9
b100110 I
b100110 `
b11111111111111110000000000000010 R
b11111111111111110000000000000010 c
b110 4
b110 :
b110 H
b110 _
b110 -
b110 7
b110 K
b110 g
b110 D
b1 G
1&
#5110000
0&
#5115000
b11 B
1.
0/
00
01
b10 G
b1011011011101011 ]
b1011011011101011 u
b11000110101011 ^
b11000110101011 v
b10 V
b10 o
b10 T
b10 r
b10 Y
b10 k
b11111111111111110000000000000010 "
b11111111111111110000000000000010 2
b11111111111111110000000000000010 J
b11111111111111110000000000000010 M
b11111111111111110000000000000010 a
b1111111111111111 U
b1111111111111111 n
b11111111111111110000000000000010 L
b11111111111111110000000000000010 b
b1111111111111111 S
b1111111111111111 q
b1111111111111111 Z
b1111111111111111 l
1&
#5120000
0&
#5125000
b1 B
0.
b11 G
b11111111111111110000000000000010 Q
b11111111111111110000000000000010 d
1&
#5130000
0&
#5135000
b101100101100101010101101000001 P
b101100101100101010101101000001 j
b10 B
1/
10
11
b0 Q
b0 d
b100111 3
b100111 9
b100111 I
b100111 `
b100000000000000001 R
b100000000000000001 c
b111 4
b111 :
b111 H
b111 _
b111 -
b111 7
b111 K
b111 g
b111 D
b1 G
1&
#5140000
0&
#5145000
b11 B
1.
0/
00
01
b10 G
b1010101101000001 ]
b1010101101000001 u
b10110010110010 ^
b10110010110010 v
b1 V
b1 o
b1 T
b1 r
b1 Y
b1 k
b100000000000000001 "
b100000000000000001 2
b100000000000000001 J
b100000000000000001 M
b100000000000000001 a
b10 U
b10 n
b100000000000000001 L
b100000000000000001 b
b10 S
b10 q
b10 Z
b10 l
1&
#5150000
0&
#5155000
b1 B
0.
b11 G
b100000000000000001 Q
b100000000000000001 d
1&
#5160000
0&
#5165000
b100111000101001010000000000000 P
b100111000101001010000000000000 j
b10 B
1/
10
11
b0 Q
b0 d
b101000 3
b101000 9
b101000 I
b101000 `
b10000000000000000 R
b10000000000000000 c
b1000 4
b1000 :
b1000 H
b1000 _
b1000 -
b1000 7
b1000 K
b1000 g
b1000 D
b1 G
1&
#5170000
0&
#5175000
b11 B
1.
0/
00
01
b10 G
b1010000000000000 ]
b1010000000000000 u
b10011100010100 ^
b10011100010100 v
b0 V
b0 o
b0 T
b0 r
b0 Y
b0 k
b10000000000000000 "
b10000000000000000 2
b10000000000000000 J
b10000000000000000 M
b10000000000000000 a
b1 U
b1 n
b10000000000000000 L
b10000000000000000 b
b1 S
b1 q
b1 Z
b1 l
1&
#5180000
0&
#5185000
b1 B
0.
b11 G
b10000000000000000 Q
b10000000000000000 d
1&
#5190000
0&
#5195000
b100000110111101001010100101000 P
b100000110111101001010100101000 j
b10 B
1/
10
11
b0 Q
b0 d
b101001 3
b101001 9
b101001 I
b101001 `
b11111111111111110000000000000010 R
b11111111111111110000000000000010 c
b1001 4
b1001 :
b1001 H
b1001 _
b1001 -
b1001 7
b1001 K
b1001 g
b1001 D
b1 G
1&
#5200000
0&
#5205000
b11 B
1.
0/
00
01
b10 G
b1001010100101000 ]
b1001010100101000 u
b10000011011110 ^
b10000011011110 v
b10 V
b10 o
b10 T
b10 r
b10 Y
b10 k
b11111111111111110000000000000010 "
b11111111111111110000000000000010 2
b11111111111111110000000000000010 J
b11111111111111110000000000000010 M
b11111111111111110000000000000010 a
b1111111111111111 U
b1111111111111111 n
b11111111111111110000000000000010 L
b11111111111111110000000000000010 b
b1111111111111111 S
b1111111111111111 q
b1111111111111111 Z
b1111111111111111 l
1&
#5210000
0&
#5215000
b1 B
0.
b11 G
b11111111111111110000000000000010 Q
b11111111111111110000000000000010 d
1&
#5220000
0&
#5225000
b11010000111101000101010110010 P
b11010000111101000101010110010 j
b10 B
1/
10
11
b0 Q
b0 d
b101010 3
b101010 9
b101010 I
b101010 `
b11111111111111110 R
b11111111111111110 c
b1010 4
b1010 :
b1010 H
b1010 _
b1010 -
b1010 7
b1010 K
b1010 g
b1010 D
b1 G
1&
#5230000
0&
#5235000
b11 B
1.
0/
00
01
b10 G
b1000101010110010 ]
b1000101010110010 u
b1101000011110 ^
b1101000011110 v
b1111111111111110 V
b1111111111111110 o
b1111111111111110 T
b1111111111111110 r
b1111111111111110 Y
b1111111111111110 k
b11111111111111110 "
b11111111111111110 2
b11111111111111110 J
b11111111111111110 M
b11111111111111110 a
b1 U
b1 n
b11111111111111110 L
b11111111111111110 b
b1 S
b1 q
b1 Z
b1 l
1&
#5240000
0&
#5245000
b1 B
0.
b11 G
b11111111111111110 Q
b11111111111111110 d
1&
#5250000
0&
#5255000
b10010111001101000000011010000 P
b10010111001101000000011010000 j
b10 B
1/
10
11
b0 Q
b0 d
b101011 3
b101011 9
b101011 I
b101011 `
b101111111111111101 R
b101111111111111101 c
b1011 4
b1011 :
b1011 H
b1011 _
b1011 -
b1011 7
b1011 K
b1011 g
b1011 D
b1 G
1&
#5260000
0&
#5265000
b11 B
1.
0/
00
01
b10 G
b1000000011010000 ]
b1000000011010000 u
b1001011100110 ^
b1001011100110 v
b1111111111111101 V
b1111111111111101 o
b1111111111111101 T
b1111111111111101 r
b1111111111111101 Y
b1111111111111101 k
b101111111111111101 "
b101111111111111101 2
b101111111111111101 J
b101111111111111101 M
b101111111111111101 a
b10 U
b10 n
b101111111111111101 L
b101111111111111101 b
b10 S
b10 q
b10 Z
b10 l
1&
#5270000
0&
#5275000
b1 B
0.
b11 G
b101111111111111101 Q
b101111111111111101 d
1&
#5280000
0&
#5285000
b1011010001100111011110010101 P
b1011010001100111011110010101 j
b10 B
1/
10
11
b11101110011000111101010000000000 Q
b11101110011000111101010000000000 d
b101100 3
b101100 9
b101100 I
b101100 `
b11111000001011001110000110001110 R
b11111000001011001110000110001110 c
b1100 4
b1100 :
b1100 H
b1100 _
b1100 -
b1100 7
b1100 K
b1100 g
b1100 D
b1 G
1&
#5290000
0&
#5295000
b11 B
1.
0/
00
01
b100111100011100 N
b100111100011100 m
b100111100011100 x
b1101011101010110 O
b1101011101010110 p
b1101011101010110 z
b10 G
b111011110010101 ]
b111011110010101 u
b101101000110 ^
b101101000110 v
b11101011011100100110010000000000 }
b11111110000011111111100000000000 {
b1101010000000000 [
b1101010000000000 s
b10011110001110000110000010010 w
b11111111001110010111000000010010 ~
b11110101110101011011110010011111 y
b11110111110001011100010010011111 |
b1110111001100011 \
b1110111001100011 t
b1011100011100100 V
b1011100011100100 o
b101000111000 T
b101000111000 r
b1110000110001110 Y
b1110000110001110 k
b1000111010010001011100011100100 "
b1000111010010001011100011100100 2
b1000111010010001011100011100100 J
b1000111010010001011100011100100 M
b1000111010010001011100011100100 a
b100011101001000 U
b100011101001000 n
b10101001000100000000101000111000 L
b10101001000100000000101000111000 b
b1010100100010000 S
b1010100100010000 q
b1111100000101100 Z
b1111100000101100 l
1&
#5300000
0&
#5305000
b1 B
0.
b11 G
b10101001000100000000101000111000 Q
b10101001000100000000101000111000 d
b1000111010010001011100011100100 R
b1000111010010001011100011100100 c
1&
#5310000
0&
#5315000
b11010000100110111100010000 P
b11010000100110111100010000 j
b10 B
1/
10
11
b0 Q
b0 d
b101101 3
b101101 9
b101101 I
b101101 `
b10000000000000000 R
b10000000000000000 c
b1101 4
b1101 :
b1101 H
b1101 _
b1101 -
b1101 7
b1101 K
b1101 g
b1101 D
b1 G
1&
#5320000
0&
#5325000
b11 B
1.
0/
00
01
b0 N
b0 m
b0 x
b0 O
b0 p
b0 z
b10 G
b110111100010000 ]
b110111100010000 u
b1101000010 ^
b1101000010 v
b0 }
b0 {
b0 [
b0 s
b0 w
b0 ~
b0 y
b0 |
b0 \
b0 t
b0 V
b0 o
b0 T
b0 r
b0 Y
b0 k
b10000000000000000 "
b10000000000000000 2
b10000000000000000 J
b10000000000000000 M
b10000000000000000 a
b1 U
b1 n
b10000000000000000 L
b10000000000000000 b
b1 S
b1 q
b1 Z
b1 l
1&
#5330000
0&
#5335000
b1 B
0.
b11 G
b10000000000000000 Q
b10000000000000000 d
1&
#5340000
0&
#5345000
b11111011000001000110011101000110 P
b11111011000001000110011101000110 j
b10 B
1/
10
11
b0 Q
b0 d
b101110 3
b101110 9
b101110 I
b101110 `
b11111111111111110000000000000010 R
b11111111111111110000000000000010 c
b1110 4
b1110 :
b1110 H
b1110 _
b1110 -
b1110 7
b1110 K
b1110 g
b1110 D
b1 G
1&
#5350000
0&
#5355000
b11 B
1.
0/
00
01
b10 G
b110011101000110 ]
b110011101000110 u
b1111101100000100 ^
b1111101100000100 v
b10 V
b10 o
b10 T
b10 r
b10 Y
b10 k
b11111111111111110000000000000010 "
b11111111111111110000000000000010 2
b11111111111111110000000000000010 J
b11111111111111110000000000000010 M
b11111111111111110000000000000010 a
b1111111111111111 U
b1111111111111111 n
b11111111111111110000000000000010 L
b11111111111111110000000000000010 b
b1111111111111111 S
b1111111111111111 q
b1111111111111111 Z
b1111111111111111 l
1&
#5360000
0&
#5365000
b1 B
0.
b11 G
b11111111111111110000000000000010 Q
b11111111111111110000000000000010 d
1&
#5370000
0&
#5375000
b11110010100101100110000001000010 P
b11110010100101100110000001000010 j
b10 B
1/
10
11
b0 Q
b0 d
b101111 3
b101111 9
b101111 I
b101111 `
b100000000000000001 R
b100000000000000001 c
b1111 4
b1111 :
b1111 H
b1111 _
b1111 -
b1111 7
b1111 K
b1111 g
b1111 D
b1 G
1&
#5380000
0&
#5385000
b11 B
1.
0/
00
01
b10 G
b110000001000010 ]
b110000001000010 u
b1111001010010110 ^
b1111001010010110 v
b1 V
b1 o
b1 T
b1 r
b1 Y
b1 k
b100000000000000001 "
b100000000000000001 2
b100000000000000001 J
b100000000000000001 M
b100000000000000001 a
b10 U
b10 n
b100000000000000001 L
b100000000000000001 b
b10 S
b10 q
b10 Z
b10 l
1&
#5390000
0&
#5395000
b1 B
0.
b11 G
b100000000000000001 Q
b100000000000000001 d
1&
#5400000
0&
#5405000
b11000000000000000101101010000010 P
b11000000000000000101101010000010 j
b10 B
1/
10
11
b0 Q
b0 d
b110000 3
b110000 9
b110000 I
b110000 `
b10000000000000000 R
b10000000000000000 c
b10000 4
b10000 :
b10000 H
b10000 _
b10000 -
b10000 7
b10000 K
b10000 g
b10000 D
b1 G
1&
#5410000
0&
#5415000
b11 B
1.
0/
00
01
b10 G
b101101010000010 ]
b101101010000010 u
b1100000000000000 ^
b1100000000000000 v
b0 V
b0 o
b0 T
b0 r
b0 Y
b0 k
b10000000000000000 "
b10000000000000000 2
b10000000000000000 J
b10000000000000000 M
b10000000000000000 a
b1 U
b1 n
b10000000000000000 L
b10000000000000000 b
b1 S
b1 q
b1 Z
b1 l
1&
#5420000
0&
#5425000
b1 B
0.
b11 G
b10000000000000000 Q
b10000000000000000 d
1&
#5430000
0&
#5435000
b11110111001100111110011110000010 P
b11110111001100111110011110000010 j
b10 B
1/
10
11
b0 Q
b0 d
b110001 3
b110001 9
b110001 I
b110001 `
b11111111111111110000000000000010 R
b11111111111111110000000000000010 c
b10001 4
b10001 :
b10001 H
b10001 _
b10001 -
b10001 7
b10001 K
b10001 g
b10001 D
b1 G
1&
#5440000
0&
#5445000
b11 B
1.
0/
00
01
b10 G
b1110011110000010 ]
b1110011110000010 u
b1111011100110011 ^
b1111011100110011 v
b10 V
b10 o
b10 T
b10 r
b10 Y
b10 k
b11111111111111110000000000000010 "
b11111111111111110000000000000010 2
b11111111111111110000000000000010 J
b11111111111111110000000000000010 M
b11111111111111110000000000000010 a
b1111111111111111 U
b1111111111111111 n
b11111111111111110000000000000010 L
b11111111111111110000000000000010 b
b1111111111111111 S
b1111111111111111 q
b1111111111111111 Z
b1111111111111111 l
1&
#5450000
0&
#5455000
b1 B
0.
b11 G
b11111111111111110000000000000010 Q
b11111111111111110000000000000010 d
1&
#5460000
0&
#5465000
b11101110100101011100111100000100 P
b11101110100101011100111100000100 j
b10 B
1/
10
11
b0 Q
b0 d
b110010 3
b110010 9
b110010 I
b110010 `
b11111111111111110 R
b11111111111111110 c
b10010 4
b10010 :
b10010 H
b10010 _
b10010 -
b10010 7
b10010 K
b10010 g
b10010 D
b1 G
1&
#5470000
0&
#5475000
b11 B
1.
0/
00
01
b10 G
b1100111100000100 ]
b1100111100000100 u
b1110111010010101 ^
b1110111010010101 v
b1111111111111110 V
b1111111111111110 o
b1111111111111110 T
b1111111111111110 r
b1111111111111110 Y
b1111111111111110 k
b11111111111111110 "
b11111111111111110 2
b11111111111111110 J
b11111111111111110 M
b11111111111111110 a
b1 U
b1 n
b11111111111111110 L
b11111111111111110 b
b1 S
b1 q
b1 Z
b1 l
1&
#5480000
0&
#5485000
b1 B
0.
b11 G
b11111111111111110 Q
b11111111111111110 d
1&
#5490000
0&
#5495000
b11100110001100001011011101000110 P
b11100110001100001011011101000110 j
b10 B
1/
10
11
b0 Q
b0 d
b110011 3
b110011 9
b110011 I
b110011 `
b101111111111111101 R
b101111111111111101 c
b10011 4
b10011 :
b10011 H
b10011 _
b10011 -
b10011 7
b10011 K
b10011 g
b10011 D
b1 G
1&
#5500000
0&
#5505000
b11 B
1.
0/
00
01
b10 G
b1011011101000110 ]
b1011011101000110 u
b1110011000110000 ^
b1110011000110000 v
b1111111111111101 V
b1111111111111101 o
b1111111111111101 T
b1111111111111101 r
b1111111111111101 Y
b1111111111111101 k
b101111111111111101 "
b101111111111111101 2
b101111111111111101 J
b101111111111111101 M
b101111111111111101 a
b10 U
b10 n
b101111111111111101 L
b101111111111111101 b
b10 S
b10 q
b10 Z
b10 l
1&
#5510000
0&
#5515000
b1 B
0.
b11 G
b101111111111111101 Q
b101111111111111101 d
1&
#5520000
0&
#5525000
b11011110000101011010000001110000 P
b11011110000101011010000001110000 j
b10 B
1/
10
11
b1001101000100100100010100110011 Q
b1001101000100100100010100110011 d
b110100 3
b110100 9
b110100 I
b110100 `
b110011000111110101010101011101 R
b110011000111110101010101011101 c
b10100 4
b10100 :
b10100 H
b10100 _
b10100 -
b10100 7
b10100 K
b10100 g
b10100 D
b1 G
1&
#5530000
0&
#5535000
b11 B
1.
0/
00
01
b11111001111011 N
b11111001111011 m
b11111001111011 x
b110100000111111 O
b110100000111111 p
b110100000111111 z
b10 G
b1010000001110000 ]
b1010000001110000 u
b1101111000010101 ^
b1101111000010101 v
b11100110001010110010011001010000 }
b11110110110101001110011100101111 {
b100010100110011 [
b100010100110011 s
b1111100111101100100000101010 w
b11110101110010011110111001111010 ~
b11011010000011111101111100001111 y
b11100011001110101111011111100000 |
b100110100010010 \
b100110100010010 t
b1011110110011100 V
b1011110110011100 o
b1110110100011110 T
b1110110100011110 r
b101010101011101 Y
b101010101011101 k
b1110001100110101011110110011100 "
b1110001100110101011110110011100 2
b1110001100110101011110110011100 J
b1110001100110101011110110011100 M
b1110001100110101011110110011100 a
b111000110011010 U
b111000110011010 n
b11110100101001001110110100011110 L
b11110100101001001110110100011110 b
b1111010010100100 S
b1111010010100100 q
b11001100011111 Z
b11001100011111 l
1&
#5540000
0&
#5545000
b1 B
0.
b11 G
b11110100101001001110110100011110 Q
b11110100101001001110110100011110 d
b1110001100110101011110110011100 R
b1110001100110101011110110011100 c
1&
#5550000
0&
#5555000
b11010110010011101000101010010000 P
b11010110010011101000101010010000 j
b10 B
1/
10
11
b0 Q
b0 d
b110101 3
b110101 9
b110101 I
b110101 `
b10000000000000000 R
b10000000000000000 c
b10101 4
b10101 :
b10101 H
b10101 _
b10101 -
b10101 7
b10101 K
b10101 g
b10101 D
b1 G
1&
#5560000
0&
#5565000
b11 B
1.
0/
00
01
b0 N
b0 m
b0 x
b0 O
b0 p
b0 z
b10 G
b1000101010010000 ]
b1000101010010000 u
b1101011001001110 ^
b1101011001001110 v
b0 }
b0 {
b0 [
b0 s
b0 w
b0 ~
b0 y
b0 |
b0 \
b0 t
b0 V
b0 o
b0 T
b0 r
b0 Y
b0 k
b10000000000000000 "
b10000000000000000 2
b10000000000000000 J
b10000000000000000 M
b10000000000000000 a
b1 U
b1 n
b10000000000000000 L
b10000000000000000 b
b1 S
b1 q
b1 Z
b1 l
1&
#5570000
0&
#5575000
b1 B
0.
b11 G
b10000000000000000 Q
b10000000000000000 d
1&
#5580000
0&
#5585000
b11001110111011000111010111010000 P
b11001110111011000111010111010000 j
b10 B
1/
10
11
b0 Q
b0 d
b110110 3
b110110 9
b110110 I
b110110 `
b11111111111111110000000000000010 R
b11111111111111110000000000000010 c
b10110 4
b10110 :
b10110 H
b10110 _
b10110 -
b10110 7
b10110 K
b10110 g
b10110 D
b1 G
1&
#5590000
0&
#5595000
b11 B
1.
0/
00
01
b10 G
b111010111010000 ]
b111010111010000 u
b1100111011101100 ^
b1100111011101100 v
b10 V
b10 o
b10 T
b10 r
b10 Y
b10 k
b11111111111111110000000000000010 "
b11111111111111110000000000000010 2
b11111111111111110000000000000010 J
b11111111111111110000000000000010 M
b11111111111111110000000000000010 a
b1111111111111111 U
b1111111111111111 n
b11111111111111110000000000000010 L
b11111111111111110000000000000010 b
b1111111111111111 S
b1111111111111111 q
b1111111111111111 Z
b1111111111111111 l
1&
#5600000
0&
#5605000
b1 B
0.
b11 G
b11111111111111110000000000000010 Q
b11111111111111110000000000000010 d
1&
#5610000
0&
#5615000
b11001000000001010110001000110100 P
b11001000000001010110001000110100 j
b10 B
1/
10
11
b0 Q
b0 d
b110111 3
b110111 9
b110111 I
b110111 `
b100000000000000001 R
b100000000000000001 c
b10111 4
b10111 :
b10111 H
b10111 _
b10111 -
b10111 7
b10111 K
b10111 g
b10111 D
b1 G
1&
#5620000
0&
#5625000
b11 B
1.
0/
00
01
b10 G
b110001000110100 ]
b110001000110100 u
b1100100000000101 ^
b1100100000000101 v
b1 V
b1 o
b1 T
b1 r
b1 Y
b1 k
b100000000000000001 "
b100000000000000001 2
b100000000000000001 J
b100000000000000001 M
b100000000000000001 a
b10 U
b10 n
b100000000000000001 L
b100000000000000001 b
b10 S
b10 q
b10 Z
b10 l
1&
#5630000
0&
#5635000
b1 B
0.
b11 G
b100000000000000001 Q
b100000000000000001 d
1&
#5640000
0&
#5645000
b11000001101001000101000000000000 P
b11000001101001000101000000000000 j
b10 B
1/
10
11
b0 Q
b0 d
b111000 3
b111000 9
b111000 I
b111000 `
b10000000000000000 R
b10000000000000000 c
b11000 4
b11000 :
b11000 H
b11000 _
b11000 -
b11000 7
b11000 K
b11000 g
b11000 D
b1 G
1&
#5650000
0&
#5655000
b11 B
1.
0/
00
01
b10 G
b101000000000000 ]
b101000000000000 u
b1100000110100100 ^
b1100000110100100 v
b0 V
b0 o
b0 T
b0 r
b0 Y
b0 k
b10000000000000000 "
b10000000000000000 2
b10000000000000000 J
b10000000000000000 M
b10000000000000000 a
b1 U
b1 n
b10000000000000000 L
b10000000000000000 b
b1 S
b1 q
b1 Z
b1 l
1&
#5660000
0&
#5665000
b1 B
0.
b11 G
b10000000000000000 Q
b10000000000000000 d
1&
#5670000
0&
#5675000
b10111011110011110011111100101000 P
b10111011110011110011111100101000 j
b10 B
1/
10
11
b0 Q
b0 d
b111001 3
b111001 9
b111001 I
b111001 `
b11111111111111110000000000000010 R
b11111111111111110000000000000010 c
b11001 4
b11001 :
b11001 H
b11001 _
b11001 -
b11001 7
b11001 K
b11001 g
b11001 D
b1 G
1&
#5680000
0&
#5685000
b11 B
1.
0/
00
01
b10 G
b11111100101000 ]
b11111100101000 u
b1011101111001111 ^
b1011101111001111 v
b10 V
b10 o
b10 T
b10 r
b10 Y
b10 k
b11111111111111110000000000000010 "
b11111111111111110000000000000010 2
b11111111111111110000000000000010 J
b11111111111111110000000000000010 M
b11111111111111110000000000000010 a
b1111111111111111 U
b1111111111111111 n
b11111111111111110000000000000010 L
b11111111111111110000000000000010 b
b1111111111111111 S
b1111111111111111 q
b1111111111111111 Z
b1111111111111111 l
1&
#5690000
0&
#5695000
b1 B
0.
b11 G
b11111111111111110000000000000010 Q
b11111111111111110000000000000010 d
1&
#5700000
0&
#5705000
b10110110100111000010111110110010 P
b10110110100111000010111110110010 j
b10 B
1/
10
11
b0 Q
b0 d
b111010 3
b111010 9
b111010 I
b111010 `
b11111111111111110 R
b11111111111111110 c
b11010 4
b11010 :
b11010 H
b11010 _
b11010 -
b11010 7
b11010 K
b11010 g
b11010 D
b1 G
1&
#5710000
0&
#5715000
b11 B
1.
0/
00
01
b10 G
b10111110110010 ]
b10111110110010 u
b1011011010011100 ^
b1011011010011100 v
b1111111111111110 V
b1111111111111110 o
b1111111111111110 T
b1111111111111110 r
b1111111111111110 Y
b1111111111111110 k
b11111111111111110 "
b11111111111111110 2
b11111111111111110 J
b11111111111111110 M
b11111111111111110 a
b1 U
b1 n
b11111111111111110 L
b11111111111111110 b
b1 S
b1 q
b1 Z
b1 l
1&
#5720000
0&
#5725000
b1 B
0.
b11 G
b11111111111111110 Q
b11111111111111110 d
1&
#5730000
0&
#5735000
b10110010001001100010000110110000 P
b10110010001001100010000110110000 j
b10 B
1/
10
11
b0 Q
b0 d
b111011 3
b111011 9
b111011 I
b111011 `
b101111111111111101 R
b101111111111111101 c
b11011 4
b11011 :
b11011 H
b11011 _
b11011 -
b11011 7
b11011 K
b11011 g
b11011 D
b1 G
1&
#5740000
0&
#5745000
b11 B
1.
0/
00
01
b10 G
b10000110110000 ]
b10000110110000 u
b1011001000100110 ^
b1011001000100110 v
b1111111111111101 V
b1111111111111101 o
b1111111111111101 T
b1111111111111101 r
b1111111111111101 Y
b1111111111111101 k
b101111111111111101 "
b101111111111111101 2
b101111111111111101 J
b101111111111111101 M
b101111111111111101 a
b10 U
b10 n
b101111111111111101 L
b101111111111111101 b
b10 S
b10 q
b10 Z
b10 l
1&
#5750000
0&
#5755000
b1 B
0.
b11 G
b101111111111111101 Q
b101111111111111101 d
1&
#5760000
0&
#5765000
b10101110011111010001010100101000 P
b10101110011111010001010100101000 j
b10 B
1/
10
11
b110011011011010100110111000100 Q
b110011011011010100110111000100 d
b111100 3
b111100 9
b111100 I
b111100 `
b1000110010010100001111001110010 R
b1000110010010100001111001110010 c
b11100 4
b11100 :
b11100 H
b11100 _
b11100 -
b11100 7
b11100 K
b11100 g
b11100 D
b1 G
1&
#5770000
0&
#5775000
b11 B
1.
0/
00
01
b1010010011001011 N
b1010010011001011 m
b1010010011001011 x
b1010110111110100 O
b1010110111110100 p
b1010110111110100 z
b10 G
b1010100101000 ]
b1010100101000 u
b1010111001111101 ^
b1010111001111101 v
b110011011010011101010100000 }
b11100111001111010011000010110100 {
b100110111000100 [
b100110111000100 s
b11101001001100101111011110011001 w
b11101111101000000011001000111001 ~
b11101011011111010010101010111100 y
b100001111111111101000001000 |
b11001101101101 \
b11001101101101 t
b1100110001100110 V
b1100110001100110 o
b111000001111110 T
b111000001111110 r
b1111001110010 Y
b1111001110010 k
b11101011000101011100110001100110 "
b11101011000101011100110001100110 2
b11101011000101011100110001100110 J
b11101011000101011100110001100110 M
b11101011000101011100110001100110 a
b1110101100010101 U
b1110101100010101 n
b10100001011111110111000001111110 L
b10100001011111110111000001111110 b
b1010000101111111 S
b1010000101111111 q
b100011001001010 Z
b100011001001010 l
1&
#5780000
0&
#5785000
b1 B
0.
b11 G
b10100001011111110111000001111110 Q
b10100001011111110111000001111110 d
b11101011000101011100110001100110 R
b11101011000101011100110001100110 c
1&
#5790000
0&
#5795000
b10101011100111000000101000100000 P
b10101011100111000000101000100000 j
b10 B
1/
10
11
b0 Q
b0 d
b111101 3
b111101 9
b111101 I
b111101 `
b10000000000000000 R
b10000000000000000 c
b11101 4
b11101 :
b11101 H
b11101 _
b11101 -
b11101 7
b11101 K
b11101 g
b11101 D
b1 G
1&
#5800000
0&
#5805000
b11 B
1.
0/
00
01
b0 N
b0 m
b0 x
b0 O
b0 p
b0 z
b10 G
b101000100000 ]
b101000100000 u
b1010101110011100 ^
b1010101110011100 v
b0 }
b0 {
b0 [
b0 s
b0 w
b0 ~
b0 y
b0 |
b0 \
b0 t
b0 V
b0 o
b0 T
b0 r
b0 Y
b0 k
b10000000000000000 "
b10000000000000000 2
b10000000000000000 J
b10000000000000000 M
b10000000000000000 a
b1 U
b1 n
b10000000000000000 L
b10000000000000000 b
b1 S
b1 q
b1 Z
b1 l
1&
#5810000
0&
#5815000
b1 B
0.
b11 G
b10000000000000000 Q
b10000000000000000 d
1&
#5820000
0&
#5825000
b10101001101010000000000010110000 P
b10101001101010000000000010110000 j
b10 B
1/
10
11
b0 Q
b0 d
b111110 3
b111110 9
b111110 I
b111110 `
b11111111111111110000000000000010 R
b11111111111111110000000000000010 c
b11110 4
b11110 :
b11110 H
b11110 _
b11110 -
b11110 7
b11110 K
b11110 g
b11110 D
b1 G
1&
#5830000
0&
#5835000
b11 B
1.
0/
00
01
b10 G
b10110000 ]
b10110000 u
b1010100110101000 ^
b1010100110101000 v
b10 V
b10 o
b10 T
b10 r
b10 Y
b10 k
b11111111111111110000000000000010 "
b11111111111111110000000000000010 2
b11111111111111110000000000000010 J
b11111111111111110000000000000010 M
b11111111111111110000000000000010 a
b1111111111111111 U
b1111111111111111 n
b11111111111111110000000000000010 L
b11111111111111110000000000000010 b
b1111111111111111 S
b1111111111111111 q
b1111111111111111 Z
b1111111111111111 l
1&
#5840000
0&
#5845000
b1 B
0.
b11 G
b11111111111111110000000000000010 Q
b11111111111111110000000000000010 d
1&
#5850000
0&
#5855000
b10101000101011101111100011100000 P
b10101000101011101111100011100000 j
b10 B
1/
10
11
b0 Q
b0 d
b111111 3
b111111 9
b111111 I
b111111 `
b100000000000000001 R
b100000000000000001 c
b11111 4
b11111 :
b11111 H
b11111 _
b11111 -
b11111 7
b11111 K
b11111 g
b11111 D
b1 G
1&
#5860000
0&
#5865000
b11 B
1.
0/
00
01
b10 G
b1111100011100000 ]
b1111100011100000 u
b1010100010101110 ^
b1010100010101110 v
b1 V
b1 o
b1 T
b1 r
b1 Y
b1 k
b100000000000000001 "
b100000000000000001 2
b100000000000000001 J
b100000000000000001 M
b100000000000000001 a
b10 U
b10 n
b100000000000000001 L
b100000000000000001 b
b10 S
b10 q
b10 Z
b10 l
1&
#5870000
0&
#5875000
b0 B
0.
b11 G
b100000000000000001 Q
b100000000000000001 d
1&
#5880000
0&
#5885000
1!
b0 G
1&
#5890000
0&
#5895000
1&
#5900000
0&
#5905000
1&
#5910000
0&
#5915000
1&
#5920000
0&
#5925000
1&
#5930000
0&
#5935000
1&
#5940000
0&
#5945000
1&
#5950000
0&
#5955000
1&
#5960000
0&
#5965000
1&
#5970000
0&
#5975000
1&
#5980000
0&
#5985000
